score_qstamp,qstamp,measure,beat,831991_tstamp,718691_tstamp
0.0,0.0,1,1.0,0.48,0.7
0.5,0.5,1,1.5,0.7925,1.0125
1.0,1.0,1,2.0,1.105,1.365
1.5,1.5,1,2.5,1.4175,1.8375
2.0,2.0,2,1.0,1.85,2.15
2.5,2.5,2,1.5,2.1625,2.4625
3.0,3.0,2,2.0,2.515,2.81
3.5,3.5,2,2.5,2.8275,3.1675
4.0,4.0,3,1.0,3.16,3.48
4.5,4.5,3,1.5,3.4725,3.9125
5.0,5.0,3,2.0,3.865,4.225
5.5,5.5,3,2.5,4.1975,4.5375
6.0,6.0,4,1.0,4.53,4.92
6.5,6.5,4,1.5,4.9025,5.3025
7.0,7.0,4,2.0,5.235,5.635
7.5,7.5,4,2.5,5.5475,5.9675
8.0,8.0,5,1.0,5.86,6.28
8.5,8.5,5,1.5,6.3325,6.6325
9.0,9.0,5,2.0,6.645,6.985
9.5,9.5,5,2.5,6.9575,7.3575
10.0,10.0,6,1.0,7.33,7.73
10.5,10.5,6,1.5,7.6625,8.0425
11.0,11.0,6,2.0,7.995,8.355
11.5,11.5,6,2.5,8.3075,8.675
12.0,12.0,7,1.0,8.72,9.02
12.5,12.5,7,1.5,9.0325,9.3725
13.0,13.0,7,2.0,9.345,9.685
13.5,13.5,7,2.5,9.6775,9.9975
14.0,14.0,8,1.0,10.07,10.31
14.5,14.5,8,1.5,10.3825,10.645
15.0,15.0,8,2.0,10.695,11.015
15.5,15.5,8,2.5,11.0675,11.3275
16.0,16.0,9,1.0,11.38,11.64
16.5,16.5,9,1.5,11.7325,11.9525
17.0,17.0,9,2.0,12.145,12.33
17.5,17.5,9,2.5,12.4575,12.6575
18.0,18.0,10,1.0,12.77,13.01
18.5,18.5,10,1.5,13.1825,13.3425
19.0,19.0,10,2.0,13.495,13.675
19.5,19.5,10,2.5,13.8075,13.9875
20.0,20.0,11,1.0,14.12,14.3
20.25,20.25,11,1.25,14.3162,14.4562
20.5,20.5,11,1.5,14.4725,14.6125
20.75,20.75,11,1.75,14.6688,14.8776
21.0,21.0,11,2.0,14.85,15.045
21.25,21.25,11,2.25,15.0212,15.2012
21.5,21.5,11,2.5,15.1775,15.3575
21.75,21.75,11,2.75,15.3338,15.5138
22.0,22.0,12,1.0,15.49,15.67
22.25,22.25,12,1.25,15.7262,15.8262
22.5,22.5,12,1.5,15.8825,15.9825
22.75,22.75,12,1.75,16.0388,16.1388
23.0,23.0,12,2.0,16.235,16.315
23.25,23.25,12,2.25,16.3912,16.4712
23.5,23.5,12,2.5,16.5475,16.6238
23.75,23.75,12,2.75,16.7038,16.7638
24.0,24.0,13,1.0,16.86,16.92
24.25,24.25,13,1.25,17.0962,17.0962
24.5,24.5,13,1.5,17.2525,17.2525
24.75,24.75,13,1.75,17.4088,17.4088
25.0,25.0,13,2.0,17.575,17.565
25.25,25.25,13,2.25,17.7612,17.7412
25.5,25.5,13,2.5,17.9175,17.8975
25.75,25.75,13,2.75,18.0738,18.0538
26.0,26.0,14,1.0,18.23,18.21
26.25,26.25,14,1.25,18.5324,18.3662
26.5,26.5,14,1.5,18.7225,18.5225
26.75,26.75,14,1.75,18.8788,18.6788
27.0,27.0,14,2.0,19.035,18.835
27.25,27.25,14,2.25,19.1912,18.9912
27.5,27.5,14,2.5,19.3675,19.1675
27.75,27.75,14,2.75,19.5238,19.3238
28.0,28.0,15,1.0,19.68,19.48
28.25,28.25,15,1.25,19.9362,19.6562
28.5,28.5,15,1.5,20.0925,19.8325
28.75,28.75,15,1.75,20.2488,19.9888
29.0,29.0,15,2.0,20.405,20.145
29.25,29.25,15,2.25,20.5612,20.3012
29.5,29.5,15,2.5,20.7175,20.4575
29.75,29.75,15,2.75,20.8738,20.6138
30.0,30.0,16,1.0,21.09,20.77
30.25,30.25,16,1.25,21.3462,21.0062
30.5,30.5,16,1.5,21.5025,21.1625
30.75,30.75,16,1.75,21.6588,21.3188
31.0,31.0,16,2.0,21.815,21.475
31.25,31.25,16,2.25,21.9712,21.6312
31.5,31.5,16,2.5,22.1275,21.7875
31.75,31.75,16,2.75,22.2838,21.9438
32.0,32.0,17,1.0,22.44,22.1
32.25,32.25,17,1.25,22.7162,22.2762
32.5,32.5,17,1.5,22.8725,22.4325
32.75,32.75,17,1.75,23.0288,22.5888
33.0,33.0,17,2.0,23.185,22.745
33.25,33.25,17,2.25,23.3412,22.9012
33.5,33.5,17,2.5,23.4975,23.0575
33.75,33.75,17,2.75,23.6538,23.2138
34.0,34.0,18,1.0,23.87,23.37
34.25,34.25,18,1.25,24.1062,23.5262
34.5,34.5,18,1.5,24.2625,23.6825
34.75,34.75,18,1.75,24.4188,23.8388
35.0,35.0,18,2.0,24.595,24.015
35.25,35.25,18,2.25,24.8312,24.2512
35.5,35.5,18,2.5,24.9875,24.4075
35.75,35.75,18,2.75,25.1438,24.6038
36.0,36.0,19,1.0,25.3,24.78
36.3333,36.3333,19,1.3333,25.5483,24.9883
36.5,36.5,19,1.5,25.6525,25.1125
36.6667,36.6667,19,1.6667,25.8967,25.2367
37.0,37.0,19,2.0,26.105,25.465
37.3333,37.3333,19,2.3333,26.3133,25.6933
37.5,37.5,19,2.5,26.4175,25.8175
37.6667,37.6667,19,2.6667,26.5217,25.9217
38.0,38.0,20,1.0,26.77,26.25
38.3333,38.3333,20,1.3333,26.9983,26.5183
38.5,38.5,20,1.5,27.1025,26.6225
38.6667,38.6667,20,1.6667,27.2067,26.7467
39.0,39.0,20,2.0,27.535,26.955
39.3333,39.3333,20,2.3333,27.7433,27.1633
39.5,39.5,20,2.5,27.8475,27.2675
39.6667,39.6667,20,2.6667,27.9717,27.3717
40.0,40.0,21,1.0,28.18,27.62
40.3333,40.3333,21,1.3333,28.4483,27.8283
40.5,40.5,21,1.5,28.5525,27.9325
40.6667,40.6667,21,1.6667,28.6767,28.0367
41.0,41.0,21,2.0,28.885,28.285
41.3333,41.3333,21,2.3333,29.0933,28.4933
41.5,41.5,21,2.5,29.1975,28.5975
41.6667,41.6667,21,2.6667,29.3017,28.7217
42.0,42.0,22,1.0,29.53,28.97
42.3333,42.3333,22,1.3333,29.8183,29.2783
42.5,42.5,22,1.5,29.9225,29.3825
42.6667,42.6667,22,1.6667,30.0467,29.4867
43.0,43.0,22,2.0,30.255,29.695
43.5,43.5,22,2.5,30.695,30.0075
44.0,44.0,23,1.0,31.02,30.32
44.5,44.5,23,1.5,31.3325,30.6325
45.0,45.0,23,2.0,31.645,30.985
45.5,45.5,23,2.5,31.9775,31.2975
46.0,46.0,24,1.0,32.37,31.65
46.5,46.5,24,1.5,32.6825,31.9625
47.0,47.0,24,2.0,32.995,32.275
47.5,47.5,24,2.5,33.315,32.6075
48.0,48.0,25,1.0,33.66,32.98
48.5,48.5,25,1.5,34.0925,33.4525
49.0,49.0,25,2.0,34.405,33.77
49.5,49.5,25,2.5,34.7175,34.0975
50.0,50.0,26,1.0,35.07,34.41
50.5,50.5,26,1.5,35.4225,34.7225
51.0,51.0,26,2.0,35.795,35.035
51.5,51.5,26,2.5,36.1075,35.3475
52.0,52.0,27,1.0,36.48,35.66
52.5,52.5,27,1.5,36.7925,35.9925
53.0,53.0,27,2.0,37.195,36.365
53.5,53.5,27,2.5,37.5375,36.6775
54.0,54.0,28,1.0,37.85,37.01
54.5,54.5,28,1.5,38.1825,37.3825
55.0,55.0,28,2.0,38.515,37.695
55.5,55.5,28,2.5,38.8475,38.0075
56.0,56.0,29,1.0,39.16,38.32
56.5,56.5,29,1.5,39.5725,38.6325
57.0,57.0,29,2.0,39.905,38.965
57.5,57.5,29,2.5,40.2175,39.2775
58.0,58.0,30,1.0,40.57,39.61
58.5,58.5,30,1.5,40.9825,39.9625
59.0,59.0,30,2.0,41.315,40.275
59.5,59.5,30,2.5,41.6275,40.6075
60.0,60.0,31,1.0,41.94,40.92
60.5,60.5,31,1.5,42.2725,41.4525
61.0,61.0,31,2.0,42.605,41.765
61.5,61.5,31,2.5,42.9975,42.0775
62.0,62.0,32,1.0,43.33,42.39
62.5,62.5,32,1.5,43.6425,42.7025
63.0,63.0,32,2.0,43.955,43.035
63.5,63.5,32,2.5,44.2875,43.3875
64.0,64.0,33,1.0,44.6,43.7
64.25,64.25,33,1.25,44.9134,43.8562
64.5,64.5,33,1.5,45.0925,44.0125
64.75,64.75,33,1.75,45.2488,44.3064
65.0,65.0,33,2.0,45.425,44.485
65.25,65.25,33,2.25,45.5812,44.6412
65.5,65.5,33,2.5,45.7375,44.7975
65.75,65.75,33,2.75,45.8938,44.9538
66.0,66.0,34,1.0,46.05,45.11
66.25,66.25,34,1.25,46.2662,45.2662
66.5,66.5,34,1.5,46.4225,45.3825
66.75,66.75,34,1.75,46.5788,45.5388
67.0,67.0,34,2.0,46.815,45.695
67.25,67.25,34,2.25,46.9912,45.8512
67.5,67.5,34,2.5,47.1475,46.0075
67.75,67.75,34,2.75,47.3038,46.1638
68.0,68.0,35,1.0,47.46,46.32
68.25,68.25,35,1.25,47.7362,46.5162
68.5,68.5,35,1.5,47.8925,46.6725
68.75,68.75,35,1.75,48.0488,46.8288
69.0,69.0,35,2.0,48.205,47.005
69.25,69.25,35,2.25,48.3812,47.1612
69.5,69.5,35,2.5,48.5375,47.3175
69.75,69.75,35,2.75,48.6938,47.4738
70.0,70.0,36,1.0,48.87,47.63
70.25,70.25,36,1.25,49.1262,47.7986
70.5,70.5,36,1.5,49.2825,47.9825
70.75,70.75,36,1.75,49.4388,48.1388
71.0,71.0,36,2.0,49.615,48.295
71.25,71.25,36,2.25,49.7912,48.4912
71.5,71.5,36,2.5,49.9475,48.6475
71.75,71.75,36,2.75,50.1038,48.8038
72.0,72.0,37,1.0,50.26,48.96
72.25,72.25,37,1.25,50.4762,49.1762
72.5,72.5,37,1.5,50.6325,49.3325
72.75,72.75,37,1.75,50.7976,49.4888
73.0,73.0,37,2.0,50.985,49.645
73.25,73.25,37,2.25,51.1412,49.8012
73.5,73.5,37,2.5,51.2975,49.9575
73.75,73.75,37,2.75,51.4538,50.1138
74.0,74.0,38,1.0,51.68,50.27
74.25,74.25,38,1.25,51.9262,50.5862
74.5,74.5,38,1.5,52.1225,50.7425
74.75,74.75,38,1.75,52.2788,50.8988
75.0,75.0,38,2.0,52.435,51.055
75.25,75.25,38,2.25,52.6312,51.2112
75.5,75.5,38,2.5,52.7875,51.3675
75.75,75.75,38,2.75,52.9438,51.5238
76.0,76.0,39,1.0,53.1,51.7
76.25,76.25,39,1.25,53.3162,51.9162
76.5,76.5,39,1.5,53.4725,52.0725
76.75,76.75,39,1.75,53.664,52.2488
77.0,77.0,39,2.0,53.865,52.405
77.25,77.25,39,2.25,54.0212,52.5812
77.5,77.5,39,2.5,54.1775,52.7375
77.75,77.75,39,2.75,54.3338,52.8938
78.0,78.0,40,1.0,54.49,53.06
78.25,78.25,40,1.25,54.6862,53.4462
78.5,78.5,40,1.5,54.8825,53.6225
78.75,78.75,40,1.75,55.0988,53.7788
79.0,79.0,40,2.0,55.255,53.935
79.25,79.25,40,2.25,55.4112,54.1112
79.5,79.5,40,2.5,55.5875,54.2675
79.75,79.75,40,2.75,55.8038,54.4238
80.0,80.0,41,1.0,55.96,54.58
80.25,80.25,41,1.25,56.1162,54.7362
80.5,80.5,41,1.5,56.2725,54.8925
80.75,80.75,41,1.75,56.4888,55.0488
81.0,81.0,41,2.0,56.67,55.225
81.25,81.25,41,2.25,56.9012,55.3812
81.5,81.5,41,2.5,57.0575,55.5375
81.75,81.75,41,2.75,57.2138,55.6938
82.0,82.0,42,1.0,57.37,55.87
82.25,82.25,42,1.25,57.5262,56.0462
82.5,82.5,42,1.5,57.6825,56.2025
82.75,82.75,42,1.75,57.8388,56.3588
83.0,83.0,42,2.0,57.995,56.535
83.25,83.25,42,2.25,58.2312,56.7512
83.5,83.5,42,2.5,58.3875,56.9075
83.75,83.75,42,2.75,58.5438,57.0638
84.0,84.0,43,1.0,58.7,57.22
84.25,84.25,43,1.25,58.9562,57.3762
84.5,84.5,43,1.5,59.1325,57.545
84.75,84.75,43,1.75,59.3176,57.7488
85.0,85.0,43,2.0,59.485,57.95
85.25,85.25,43,2.25,59.6412,58.1212
85.5,85.5,43,2.5,59.7975,58.2775
85.75,85.75,43,2.75,59.9538,58.4338
86.0,86.0,44,1.0,60.15,58.63
86.25,86.25,44,1.25,60.4262,58.8062
86.5,86.5,44,1.5,60.5825,58.9625
86.75,86.75,44,1.75,60.7388,59.1188
87.0,87.0,44,2.0,60.895,59.335
87.25,87.25,44,2.25,61.1624,59.5312
87.5,87.5,44,2.5,61.3275,59.6875
87.75,87.75,44,2.75,61.4838,59.8438
88.0,88.0,45,1.0,61.64,60.0
88.25,88.25,45,1.25,61.8562,60.1762
88.5,88.5,45,1.5,62.0125,60.3325
88.75,88.75,45,1.75,62.1688,60.4888
89.0,89.0,45,2.0,62.325,60.725
89.25,89.25,45,2.25,62.4812,60.8812
89.5,89.5,45,2.5,62.6375,61.0375
89.75,89.75,45,2.75,62.8138,61.1938
90.0,90.0,46,1.0,63.12,61.47
90.25,90.25,46,1.25,63.3462,61.6262
90.5,90.5,46,1.5,63.5025,61.7825
90.75,90.75,46,1.75,63.6588,61.9388
91.0,91.0,46,2.0,63.815,62.095
91.25,91.25,46,2.25,63.9712,62.416
91.5,91.5,46,2.5,64.1475,62.6475
91.75,91.75,46,2.75,64.3038,62.8038
92.0,92.0,47,1.0,64.46,62.96
92.25,92.25,47,1.25,64.6162,63.1162
92.5,92.5,47,1.5,64.8225,63.2725
92.75,92.75,47,1.75,65.0288,63.4288
93.0,93.0,47,2.0,65.185,63.585
93.25,93.25,47,2.25,65.3412,63.7412
93.5,93.5,47,2.5,65.4975,63.8975
93.75,93.75,47,2.75,65.6538,64.0938
94.0,94.0,48,1.0,65.91,64.29
94.25,94.25,48,1.25,66.0862,64.5262
94.5,94.5,48,1.5,66.2425,64.6825
94.75,94.75,48,1.75,66.4188,64.8388
95.0,95.0,48,2.0,66.575,64.995
95.25,95.25,48,2.25,66.8224,65.1912
95.5,95.5,48,2.5,66.9875,65.3475
95.75,95.75,48,2.75,67.1638,65.5238
96.0,96.0,49,1.0,67.32,65.68
96.25,96.25,49,1.25,67.5162,65.8962
96.5,96.5,49,1.5,67.6725,66.0525
96.75,96.75,49,1.75,67.8288,66.2688
97.0,97.0,49,2.0,67.99,66.425
97.25,97.25,49,2.25,68.1812,66.6024
97.5,97.5,49,2.5,68.3375,66.7775
97.75,97.75,49,2.75,68.4938,66.9538
98.0,98.0,50,1.0,68.73,67.2
98.25,98.25,50,1.25,68.9262,67.4062
98.5,98.5,50,1.5,69.0825,67.5625
98.75,98.75,50,1.75,69.2788,67.7188
99.0,99.0,50,2.0,69.45,67.875
99.25,99.25,50,2.25,69.7312,68.1512
99.5,99.5,50,2.5,69.8875,68.3075
99.75,99.75,50,2.75,70.0438,68.4638
100.0,100.0,51,1.0,70.2,68.62
100.25,100.25,51,1.25,70.3562,68.7762
100.5,100.5,51,1.5,70.5325,68.9325
100.75,100.75,51,1.75,70.7176,69.1088
101.0,101.0,51,2.0,70.885,69.285
101.25,101.25,51,2.25,71.0412,69.4412
101.5,101.5,51,2.5,71.1975,69.5975
101.75,101.75,51,2.75,71.4738,69.7538
102.0,102.0,52,1.0,71.63,69.99
102.25,102.25,52,1.25,71.8662,70.2462
102.5,102.5,52,1.5,72.0225,70.4025
102.75,102.75,52,1.75,72.1788,70.5588
103.0,103.0,52,2.0,72.335,70.715
103.25,103.25,52,2.25,72.5112,70.9112
103.5,103.5,52,2.5,72.715,71.1025
103.75,103.75,52,2.75,72.9438,71.2838
104.0,104.0,53,1.0,73.1,71.44
104.25,104.25,53,1.25,73.2562,71.5962
104.5,104.5,53,1.5,73.4525,71.7525
104.75,104.75,53,1.75,73.6528,71.9088
105.0,105.0,53,2.0,73.87,72.065
105.25,105.25,53,2.25,74.0412,72.3212
105.5,105.5,53,2.5,74.1975,72.4775
105.75,105.75,53,2.75,74.3538,72.6338
106.0,106.0,54,1.0,74.65,72.87
106.25,106.25,54,1.25,74.8062,73.0862
106.5,106.5,54,1.5,75.0225,73.2625
106.75,106.75,54,1.75,75.1788,73.4188
107.0,107.0,54,2.0,75.335,73.575
107.25,107.25,54,2.25,75.556,73.7512
107.5,107.5,54,2.5,75.7475,73.9675
107.75,107.75,54,2.75,75.9038,74.1238
108.0,108.0,55,1.0,76.06,74.28
108.25,108.25,55,1.25,76.2962,74.5962
108.5,108.5,55,1.5,76.5125,74.7525
108.75,108.75,55,1.75,76.6688,74.9088
109.0,109.0,55,2.0,76.83,75.07
109.25,109.25,55,2.25,77.0048,75.2412
109.5,109.5,55,2.5,77.2175,75.3975
109.75,109.75,55,2.75,77.3738,75.5538
110.0,110.0,56,1.0,77.53,75.73
110.25,110.25,56,1.25,77.8462,75.9662
110.5,110.5,56,1.5,78.0025,76.145
110.75,110.75,56,1.75,78.1588,76.3188
111.0,111.0,56,2.0,78.315,76.475
111.25,111.25,56,2.25,78.5112,76.6512
111.5,111.5,56,2.5,78.755,76.895
111.75,111.75,56,2.75,78.9438,77.1238
112.0,112.0,57,1.0,79.1,77.3
112.25,112.25,57,1.25,79.2962,77.4762
112.5,112.5,57,1.5,79.4925,77.6325
112.75,112.75,57,1.75,79.7088,77.7888
113.0,113.0,57,2.0,79.865,77.97
113.25,113.25,57,2.25,80.0648,78.2212
113.5,113.5,57,2.5,80.2775,78.3775
113.75,113.75,57,2.75,80.4338,78.5338
114.0,114.0,58,1.0,80.61,78.69
114.25,114.25,58,1.25,80.8172,78.902
114.5,114.5,58,1.5,81.0425,79.1825
114.75,114.75,58,1.75,81.1988,79.3588
115.0,115.0,58,2.0,81.355,79.515
115.25,115.25,58,2.25,81.6024,79.7112
115.5,115.5,58,2.5,81.7675,79.9475
115.75,115.75,58,2.75,81.9238,80.1638
116.0,116.0,59,1.0,82.12,80.36
116.25,116.25,59,1.25,82.3562,80.5362
116.5,116.5,59,1.5,82.5325,80.7525
116.75,116.75,59,1.75,82.7528,80.9088
117.0,117.0,59,2.0,82.97,81.135
117.25,117.25,59,2.25,83.1436,81.3836
117.5,117.5,59,2.5,83.3375,81.5775
117.75,117.75,59,2.75,83.4938,81.7338
118.0,118.0,60,1.0,83.65,81.91
118.25,118.25,60,1.25,83.9462,82.3262
118.5,118.5,60,1.5,84.1625,82.4825
118.75,118.75,60,1.75,84.3188,82.6388
119.0,119.0,60,2.0,84.495,82.835
119.25,119.25,60,2.25,84.7512,82.9912
119.5,119.5,60,2.5,84.9075,83.2075
119.75,119.75,60,2.75,85.0638,83.3638
120.0,120.0,61,1.0,85.22,83.52
120.25,120.25,61,1.25,85.4362,83.7962
120.5,120.5,61,1.5,85.645,83.9775
120.75,120.75,61,1.75,85.8088,84.1488
121.0,121.0,61,2.0,86.065,84.365
121.25,121.25,61,2.25,86.2212,84.5412
121.5,121.5,61,2.5,86.3775,84.735
121.75,121.75,61,2.75,86.5738,84.9076
122.0,122.0,62,1.0,86.81,85.16
122.25,122.25,62,1.25,86.9662,85.3462
122.5,122.5,62,1.5,87.1225,85.5825
122.75,122.75,62,1.75,87.2788,85.7388
123.0,123.0,62,2.0,87.495,85.99
123.25,123.25,62,2.25,87.7112,86.2112
123.5,123.5,62,2.5,87.9075,86.4275
123.75,123.75,62,2.75,88.2238,86.6038
124.0,124.0,63,1.0,88.38,86.76
124.25,124.25,63,1.25,88.5362,86.9562
124.5,124.5,63,1.5,88.6925,87.1125
124.75,124.75,63,1.75,88.9088,87.3064
125.0,125.0,63,2.0,89.065,87.545
125.25,125.25,63,2.25,89.2212,87.7024
125.5,125.5,63,2.5,89.3775,87.8775
125.75,125.75,63,2.75,89.5538,88.0338
126.0,126.0,64,1.0,89.85,88.26
126.25,126.25,64,1.25,90.0062,88.4662
126.5,126.5,64,1.5,90.1625,88.6425
126.75,126.75,64,1.75,90.3188,88.7988
127.0,127.0,64,2.0,90.575,88.985
127.25,127.25,64,2.25,90.7712,89.1712
127.5,127.5,64,2.5,90.9275,89.41
127.75,127.75,64,2.75,91.0838,89.6038
128.0,128.0,65,1.0,91.3,89.84
128.25,128.25,65,1.25,91.4962,89.9962
128.5,128.5,65,1.5,91.7525,90.1525
128.75,128.75,65,1.75,91.9088,90.3088
129.0,129.0,65,2.0,92.075,90.465
129.25,129.25,65,2.25,92.2612,90.7212
129.5,129.5,65,2.5,92.4175,90.8775
129.75,129.75,65,2.75,92.5738,91.0338
130.0,130.0,66,1.0,92.73,91.19
130.25,130.25,66,1.25,92.9634,91.4662
130.5,130.5,66,1.5,93.2025,91.63
131.0,131.0,66,2.0,93.515,92.015
131.25,131.25,66,2.25,93.8112,92.1912
131.5,131.5,66,2.5,94.035,92.3475
131.75,131.75,66,2.75,94.2038,92.5038
132.0,132.0,67,1.0,94.36,92.76
132.25,132.25,67,1.25,94.5162,92.9162
132.5,132.5,67,1.5,94.6725,93.0725
132.75,132.75,67,1.75,94.8288,93.3888
133.0,133.0,67,2.0,95.0,93.595
133.25,133.25,67,2.25,95.3224,93.8412
133.5,133.5,67,2.5,95.4975,93.9975
133.75,133.75,67,2.75,95.6738,94.1538
134.0,134.0,68,1.0,95.85,94.31
134.25,134.25,68,1.25,96.1262,94.4662
134.5,134.5,68,1.5,96.285,94.6225
135.0,135.0,68,2.0,96.615,94.935
135.5,135.5,68,2.5,96.9275,95.2675
136.0,136.0,69,1.0,97.24,95.68
136.5,136.5,69,1.5,97.8525,96.0125
137.0,137.0,69,2.0,98.185,96.325
137.5,137.5,69,2.5,98.5175,96.6375
138.0,138.0,70,1.0,98.85,96.95
138.5,138.5,70,1.5,99.165,97.4625
139.0,139.0,70,2.0,99.515,97.815
139.5,139.5,70,2.5,99.8475,98.17
140.0,140.0,71,1.0,100.3,98.54
140.5,140.5,71,1.3333,100.5283,98.9581
141.0,141.0,71,1.6667,100.7367,99.2367
141.5,141.5,71,2.0,101.01,99.465
142.0,142.0,71,2.3333,101.3933,99.6933
142.5,142.5,71,2.6667,101.6119,99.9017
143.0,143.0,72,1.0,101.96,100.11
143.5,143.5,72,1.3333,102.1983,100.2783
144.0,144.0,72,1.6667,102.4267,100.4867
144.5,144.5,72,2.0,102.635,100.695
145.0,145.0,72,2.3333,102.8499,100.9132
145.5,145.5,72,2.6667,103.2117,101.2517
146.0,146.0,73,1.0,103.42,101.46
146.5,146.5,73,1.3333,103.6283,101.6283
147.0,147.0,73,1.6667,103.8367,101.7967
147.5,147.5,73,2.0,104.08,101.985
147.75,147.75,73,2.1667,104.2492,102.0892
148.0,148.0,73,2.3333,104.3533,102.1733
148.25,148.25,73,2.5,104.4975,102.3175
148.5,148.5,73,2.6667,104.6034,102.4217
148.75,148.75,73,2.8333,104.7258,102.5658
149.0,149.0,74,1.0,104.85,102.67
149.25,149.25,74,1.1667,104.9942,102.7742
149.5,149.5,74,1.3333,105.0983,102.8783
149.75,149.75,74,1.5,105.2425,102.9825
150.0,150.0,74,1.6667,105.3534,103.0867
150.25,150.25,74,1.8333,105.4708,103.1908
150.5,150.5,74,2.0,105.575,103.295
150.75,150.75,74,2.1667,105.7592,103.3992
151.0,151.0,74,2.3333,105.8732,103.5033
151.25,151.25,74,2.5,106.0275,103.6075
151.5,151.5,74,2.6667,106.1517,103.7117
151.75,151.75,74,2.8333,106.2558,103.8358
152.0,152.0,75,1.0,106.36,103.94
152.5,152.5,75,1.3333,106.8283,104.2283
153.0,153.0,75,1.6667,107.0367,104.4967
153.5,153.5,75,2.0,107.245,104.705
154.0,154.0,75,2.3333,107.4533,104.9333
154.5,154.5,75,2.6667,107.6634,105.1417
155.0,155.0,76,1.0,107.91,105.35
155.5,155.5,76,1.3333,108.2583,105.5583
156.0,156.0,76,1.6667,108.5067,105.7667
156.5,156.5,76,2.0,108.775,105.975
157.0,157.0,76,2.3333,108.9965,106.1866
157.5,157.5,76,2.6667,109.2917,106.4117
158.0,158.0,77,1.0,109.5,106.62
158.5,158.5,77,1.3333,109.8483,106.8483
159.0,159.0,77,1.6667,110.0567,107.0567
159.5,159.5,77,2.0,110.3,107.265
160.0,160.0,77,2.3333,110.5733,107.4733
160.5,160.5,77,2.6667,110.8817,107.7217
161.0,161.0,78,1.0,111.09,107.93
161.25,161.25,78,1.1667,111.3342,108.0342
161.5,161.5,78,1.3333,111.4383,108.1383
161.75,161.75,78,1.5,111.5425,108.2425
162.0,162.0,78,1.6667,111.6534,108.3467
162.25,162.25,78,1.8333,111.7708,108.4508
162.5,162.5,78,2.0,111.875,108.555
162.75,162.75,78,2.1667,112.0592,108.6592
163.0,163.0,78,2.3333,112.1732,108.7633
163.25,163.25,78,2.5,112.3475,108.8675
163.5,163.5,78,2.6667,112.4517,108.9717
163.75,163.75,78,2.8333,112.6358,109.1358
164.0,164.0,79,1.0,112.74,109.24
164.5,164.5,79,1.3333,112.9242,109.4283
165.0,165.0,79,1.6667,113.1167,109.6567
165.5,165.5,79,2.0,113.325,109.865
166.0,166.0,79,2.3333,113.5333,110.0933
166.5,166.5,79,2.6667,113.774,110.3017
167.0,167.0,80,1.0,114.34,110.51
167.5,167.5,80,1.3333,114.6183,110.7183
168.0,168.0,80,1.6667,114.8267,110.9267
168.5,168.5,80,2.0,115.035,111.135
169.0,169.0,80,2.3333,115.4699,111.3466
169.5,169.5,80,2.6667,115.7117,111.5717
170.0,170.0,81,1.0,115.92,111.78
170.5,170.5,81,1.3333,116.1883,111.9883
171.0,171.0,81,1.6667,116.3967,112.1967
171.5,171.5,81,2.0,116.635,112.405
171.75,171.75,81,2.1667,116.8292,112.5092
172.0,172.0,81,2.3333,116.9333,112.6133
172.25,172.25,81,2.5,117.0975,112.7175
172.5,172.5,81,2.6667,117.2017,112.8217
172.75,172.75,81,2.8333,117.3058,112.9258
173.0,173.0,82,1.0,117.41,113.03
173.25,173.25,82,1.1667,117.6142,113.1342
173.5,173.5,82,1.3333,117.7183,113.2383
173.75,173.75,82,1.5,117.8825,113.3425
174.0,174.0,82,1.6667,117.9934,113.4467
174.25,174.25,82,1.8333,118.1108,113.5508
174.5,174.5,82,2.0,118.215,113.635
174.75,174.75,82,2.1667,118.3992,113.7392
175.0,175.0,82,2.3333,118.5066,113.8433
175.25,175.25,82,2.5,118.6475,114.0075
175.5,175.5,82,2.6667,118.7517,114.1117
175.75,175.75,82,2.8333,118.8958,114.2158
176.0,176.0,83,1.0,119.0,114.32
176.5,176.5,83,1.3333,119.5283,114.5483
177.0,177.0,83,1.6667,119.7767,114.7567
177.5,177.5,83,2.0,119.985,114.965
178.0,178.0,83,2.3333,120.1933,115.1733
178.5,178.5,83,2.6667,120.5234,115.3817
179.0,179.0,84,1.0,120.75,115.61
179.5,179.5,84,1.3333,121.0183,115.8383
180.0,180.0,84,1.6667,121.4267,116.0467
180.5,180.5,84,2.0,121.635,116.255
181.0,181.0,84,2.3333,121.8433,116.4633
181.5,181.5,84,2.6667,122.0517,116.6717
182.0,182.0,85,1.0,122.3,116.88
182.5,182.5,85,1.3333,122.5532,117.1083
183.0,183.0,85,1.6667,122.8367,117.3367
183.5,183.5,85,2.0,123.085,117.545
184.0,184.0,85,2.3333,123.3733,117.7533
184.5,184.5,85,2.6667,123.6034,117.9617
185.0,185.0,86,1.0,123.85,118.17
185.25,185.25,86,1.1667,123.9942,118.2742
185.5,185.5,86,1.3333,124.0983,118.3783
185.75,185.75,86,1.5,124.2825,118.4825
186.0,186.0,86,1.6667,124.4202,118.5867
186.25,186.25,86,1.8333,124.5908,118.6908
186.5,186.5,86,2.0,124.695,118.795
186.75,186.75,86,2.1667,124.7992,118.8992
187.0,187.0,86,2.3333,124.9231,119.0033
187.25,187.25,86,2.5,125.1275,119.1075
187.5,187.5,86,2.6667,125.2317,119.2117
187.75,187.75,86,2.8333,125.3358,119.3158
188.0,188.0,87,1.0,125.44,119.42
188.5,188.5,87,1.3333,125.9883,119.6883
189.0,189.0,87,1.6667,126.2367,119.8967
189.5,189.5,87,2.0,126.445,120.105
190.0,190.0,87,2.3333,126.6533,120.2933
190.5,190.5,87,2.6667,126.8617,120.5017
191.0,191.0,88,1.0,127.09,120.71
191.5,191.5,88,1.3333,127.3183,120.9183
192.0,192.0,88,1.6667,127.5534,121.1334
192.5,192.5,88,2.0,127.935,121.355
193.0,193.0,88,2.3333,128.2433,121.5633
193.5,193.5,88,2.6667,128.4517,121.7717
194.0,194.0,89,1.0,128.66,121.98
194.5,194.5,89,1.3333,128.8849,122.1883
195.0,195.0,89,1.6667,129.1167,122.3767
195.5,195.5,89,2.0,129.445,122.565
195.75,195.75,89,2.1667,129.5492,122.6692
196.0,196.0,89,2.3333,129.6533,122.7733
196.25,196.25,89,2.5,129.7975,122.8775
196.5,196.5,89,2.6667,129.9102,122.9817
196.75,196.75,89,2.8333,130.1058,123.0858
197.0,197.0,90,1.0,130.21,123.19
197.25,197.25,90,1.1667,130.4142,123.2942
197.5,197.5,90,1.3333,130.5183,123.3983
197.75,197.75,90,1.5,130.6225,123.5025
198.0,198.0,90,1.6667,130.7267,123.5467
198.25,198.25,90,1.8333,130.8508,123.6508
198.5,198.5,90,2.0,130.955,123.755
199.0,199.0,90,2.3333,131.4033,123.9833
199.5,199.5,90,2.6667,131.6117,124.1917
200.0,200.0,91,1.0,131.82,124.4
200.5,200.5,91,1.3333,132.0883,124.6366
201.0,201.0,91,1.6667,132.3567,124.8567
201.5,201.5,91,2.0,132.665,125.065
202.0,202.0,91,2.3333,132.8733,125.2733
202.5,202.5,91,2.6667,133.1817,125.4817
203.0,203.0,92,1.0,133.39,125.69
203.5,203.5,92,1.3333,133.5983,125.8983
204.0,204.0,92,1.6667,133.9134,126.1067
204.5,204.5,92,2.0,134.135,126.315
205.0,205.0,92,2.3333,134.4233,126.5433
205.5,205.5,92,2.6667,134.6317,126.7517
206.0,206.0,93,1.0,135.0,126.94
206.5,206.5,93,1.3333,135.2415,127.1483
207.0,207.0,93,1.6667,135.5167,127.3567
207.5,207.5,93,2.0,135.805,127.565
207.75,207.75,93,2.1667,135.9092,127.6364
208.0,208.0,93,2.3333,136.0133,127.7333
208.25,208.25,93,2.5,136.1775,127.8375
208.5,208.5,93,2.6667,136.2817,127.9417
208.75,208.75,93,2.8333,136.3916,128.0458
209.0,209.0,94,1.0,136.57,128.15
209.25,209.25,94,1.1667,136.7342,128.2542
209.5,209.5,94,1.3333,136.8383,128.3383
209.75,209.75,94,1.5,137.0225,128.4425
210.0,210.0,94,1.6667,137.1267,128.5467
210.25,210.25,94,1.8333,137.2308,128.6508
210.5,210.5,94,2.0,137.335,128.755
210.75,210.75,94,2.1667,137.6992,128.8592
211.0,211.0,94,2.3333,137.8033,128.9633
211.25,211.25,94,2.5,137.9075,129.0675
211.5,211.5,94,2.6667,138.0117,129.1717
211.75,211.75,94,2.8333,138.1158,129.2758
212.0,212.0,95,1.0,138.22,129.38
212.5,212.5,95,1.3333,138.4283,129.5883
212.75,212.75,95,1.5,138.5325,129.6925
213.0,213.0,95,1.6667,138.6567,129.7967
213.25,213.25,95,1.8333,138.7808,129.9008
213.5,213.5,95,2.0,138.965,130.005
213.75,213.75,95,2.1667,139.0892,130.1092
214.0,214.0,95,2.3333,139.1933,130.2133
214.25,214.25,95,2.5,139.3575,130.3175
214.5,214.5,95,2.6667,139.4617,130.4217
214.75,214.75,95,2.8333,139.5658,130.5258
215.0,215.0,96,1.0,139.67,130.63
215.25,215.25,96,1.1667,139.9226,130.7342
215.5,215.5,96,1.3333,140.0383,130.8383
215.75,215.75,96,1.5,140.145,130.9425
216.0,216.0,96,1.6667,140.2667,131.0467
216.25,216.25,96,1.8333,140.4308,131.1303
216.5,216.5,96,2.0,140.535,131.215
216.75,216.75,96,2.1667,140.6392,131.3192
217.0,217.0,96,2.3333,140.7666,131.4233
217.25,217.25,96,2.5,140.9275,131.5275
217.5,217.5,96,2.6667,141.0317,131.6317
217.75,217.75,96,2.8333,141.1358,131.7358
218.0,218.0,97,1.0,141.26,131.84
218.25,218.25,97,1.1667,141.5842,131.9442
218.5,218.5,97,1.3333,141.6883,132.0483
218.75,218.75,97,1.5,141.8125,132.1525
219.0,219.0,97,1.6667,141.9167,132.2567
219.25,219.25,97,1.8333,142.0208,132.3608
219.5,219.5,97,2.0,142.125,132.4525
219.75,219.75,97,2.1667,142.2584,132.5492
220.0,220.0,97,2.3333,142.3733,132.6533
220.25,220.25,97,2.5,142.495,132.7575
220.5,220.5,97,2.6667,142.6217,132.8617
220.75,220.75,97,2.8333,142.7658,132.9658
221.0,221.0,98,1.0,142.87,133.07
221.25,221.25,98,1.1667,143.1142,133.1942
221.5,221.5,98,1.3333,143.2366,133.2983
221.75,221.75,98,1.5,143.3425,133.4025
222.0,222.0,98,1.6667,143.4467,133.5067
222.25,222.25,98,1.8333,143.5508,133.6108
222.5,222.5,98,2.0,143.655,133.715
222.75,222.75,98,2.1667,143.7984,133.8192
223.0,223.0,98,2.3333,143.9033,133.9233
223.25,223.25,98,2.5,144.0075,134.0275
223.5,223.5,98,2.6667,144.1117,134.1317
223.75,223.75,98,2.8333,144.2158,134.2358
224.0,224.0,99,1.0,144.38,134.34
224.25,224.25,99,1.1667,144.5842,134.4442
224.5,224.5,99,1.3333,144.6883,134.5483
224.75,224.75,99,1.5,144.8125,134.6525
225.0,225.0,99,1.6667,144.9967,134.7567
225.25,225.25,99,1.8333,145.1208,134.8408
225.5,225.5,99,2.0,145.265,134.945
225.75,225.75,99,2.1667,145.3692,135.0492
226.0,226.0,99,2.3333,145.4733,135.1533
226.25,226.25,99,2.5,145.5658,135.2575
226.5,226.5,99,2.6667,145.6417,135.3608
226.75,226.75,99,2.8333,145.7458,135.4458
227.0,227.0,100,1.0,145.85,135.55
227.25,227.25,100,1.1667,146.4942,135.6542
227.5,227.5,100,1.3333,146.6183,135.7583
227.75,227.75,100,1.5,146.7225,135.8625
228.0,228.0,100,1.6667,146.8267,135.9667
228.25,228.25,100,1.8333,146.9308,136.0708
228.5,228.5,100,2.0,147.055,136.175
228.75,228.75,100,2.1667,147.1592,136.2792
229.0,229.0,100,2.3333,147.2633,136.4033
229.25,229.25,100,2.5,147.3675,136.5075
229.5,229.5,100,2.6667,147.4717,136.6117
229.75,229.75,100,2.8333,147.5758,136.7158
230.0,230.0,101,1.0,147.68,136.82
230.25,230.25,101,1.1667,147.8442,136.9221
230.5,230.5,101,1.3333,147.9483,136.9894
230.75,230.75,101,1.5,148.0525,137.0725
231.0,231.0,101,1.6667,148.1567,137.1767
231.25,231.25,101,1.8333,148.2608,137.2808
231.5,231.5,101,2.0,148.385,137.385
232.0,232.0,101,2.3333,148.6133,137.5933
232.5,232.5,101,2.6667,148.9617,137.8017
233.0,233.0,102,1.0,149.17,138.01
233.5,233.5,102,1.3333,149.3983,138.2183
234.0,234.0,102,1.6667,149.6667,138.4267
234.5,234.5,102,2.0,149.955,138.635
235.0,235.0,102,2.3333,150.2066,138.8433
235.5,235.5,102,2.6667,150.5117,139.0517
236.0,236.0,103,1.0,150.78,139.26
236.5,236.5,103,1.3333,151.0283,139.5083
237.0,237.0,103,1.6667,151.2367,139.7167
237.5,237.5,103,2.0,151.445,139.925
238.0,238.0,103,2.3333,151.6533,140.1333
238.5,238.5,103,2.6667,152.1017,140.3817
239.0,239.0,104,1.0,152.58,140.59
239.5,239.5,104,1.3333,152.9383,140.7983
240.0,240.0,104,1.6667,153.2067,141.0201
240.5,240.5,104,2.0,153.415,141.255
241.0,241.0,104,2.3333,153.6233,141.4633
241.5,241.5,104,2.6667,153.8551,141.6717
242.0,242.0,105,1.0,154.08,141.84
242.5,242.5,105,1.3333,154.3049,142.0483
243.0,243.0,105,1.6667,154.5767,142.2567
243.5,243.5,105,2.0,154.855,142.465
244.0,244.0,105,2.3333,155.1333,142.6733
244.5,244.5,105,2.6667,155.4051,142.8817
245.0,245.0,106,1.0,155.71,143.09
245.5,245.5,106,1.3333,155.9183,143.2983
246.0,246.0,106,1.6667,156.3867,143.5067
246.5,246.5,106,2.0,156.595,143.715
247.0,247.0,106,2.3333,156.8033,143.9233
247.5,247.5,106,2.6667,157.0717,144.1317
248.0,248.0,107,1.0,157.4,144.34
248.5,248.5,107,1.3333,157.6766,144.5483
249.0,249.0,107,1.6667,157.9767,144.7567
249.5,249.5,107,2.0,158.195,144.965
250.0,250.0,107,2.3333,158.4733,145.1733
250.5,250.5,107,2.6667,158.6834,145.4417
251.0,251.0,108,1.0,158.91,145.68
251.5,251.5,108,1.3333,159.2983,145.9583
252.0,252.0,108,1.6667,159.5134,146.1667
252.5,252.5,108,2.0,159.735,146.375
253.0,253.0,108,2.3333,160.0633,146.6099
253.5,253.5,108,2.6667,160.2717,146.8517
188.0,254.0,87,1.0,160.64,147.1
188.5,254.5,87,1.3333,160.9283,147.3449
189.0,255.0,87,1.6667,161.1367,147.5767
189.5,255.5,87,2.0,161.405,147.845
190.0,256.0,87,2.3333,161.8133,148.0533
190.5,256.5,87,2.6667,162.0217,148.2417
191.0,257.0,88,1.0,162.25,148.45
191.5,257.5,88,1.3333,162.4583,148.6383
192.0,258.0,88,1.6667,162.7602,148.8667
192.5,258.5,88,2.0,163.115,149.075
193.0,259.0,88,2.3333,163.4433,149.3233
193.5,259.5,88,2.6667,163.6517,149.5317
194.0,260.0,89,1.0,163.86,149.72
194.5,260.5,89,1.3333,164.1215,149.9083
195.0,261.0,89,1.6667,164.3767,150.1167
195.5,261.5,89,2.0,164.695,150.305
195.75,261.75,89,2.1667,164.8292,150.4092
196.0,262.0,89,2.3333,164.9333,150.4933
196.25,262.25,89,2.5,165.1575,150.5975
196.5,262.5,89,2.6667,165.2617,150.7017
196.75,262.75,89,2.8333,165.3658,150.8058
197.0,263.0,90,1.0,165.47,150.91
197.25,263.25,90,1.1667,165.7142,151.0142
197.5,263.5,90,1.3333,165.8183,151.1183
197.75,263.75,90,1.5,165.9225,151.2225
198.0,264.0,90,1.6667,166.0334,151.3267
198.25,264.25,90,1.8333,166.1508,151.4508
198.5,264.5,90,2.0,166.255,151.555
199.0,265.0,90,2.3333,166.6633,151.7633
199.5,265.5,90,2.6667,166.8717,151.9717
200.0,266.0,91,1.0,167.08,152.18
200.5,266.5,91,1.3333,167.3683,152.3883
201.0,267.0,91,1.6667,167.5967,152.6167
201.5,267.5,91,2.0,167.805,152.825
202.0,268.0,91,2.3333,168.0533,153.0333
202.5,268.5,91,2.6667,168.4119,153.2417
203.0,269.0,92,1.0,168.83,153.43
203.5,269.5,92,1.3333,169.0383,153.6383
204.0,270.0,92,1.6667,169.3534,153.8467
204.5,270.5,92,2.0,169.575,154.055
205.0,271.0,92,2.3333,170.0033,154.2833
205.5,271.5,92,2.6667,170.2117,154.4917
206.0,272.0,93,1.0,170.42,154.7
206.5,272.5,93,1.3333,170.6283,154.9083
207.0,273.0,93,1.6667,170.8367,155.1167
207.5,273.5,93,2.0,171.125,155.305
207.75,273.75,93,2.1667,171.3076,155.4092
208.0,274.0,93,2.3333,171.4333,155.5133
208.25,274.25,93,2.5,171.5775,155.6175
208.5,274.5,93,2.6667,171.7017,155.7217
208.75,274.75,93,2.8333,171.8658,155.8258
209.0,275.0,94,1.0,171.97,155.94
209.25,275.25,94,1.1667,172.0942,156.0542
209.5,275.5,94,1.3333,172.2183,156.1583
209.75,275.75,94,1.5,172.3225,156.2475
210.0,276.0,94,1.6667,172.4867,156.3267
210.25,276.25,94,1.8333,172.6108,156.4308
210.5,276.5,94,2.0,172.715,156.535
210.75,276.75,94,2.1667,173.0992,156.6392
211.0,277.0,94,2.3333,173.2033,156.7433
211.25,277.25,94,2.5,173.3075,156.8475
211.5,277.5,94,2.6667,173.4117,156.9317
211.75,277.75,94,2.8333,173.5158,157.0358
212.0,278.0,95,1.0,173.62,157.12
212.5,278.5,95,1.3333,173.8883,157.3283
212.75,278.75,95,1.5,174.0525,157.4325
213.0,279.0,95,1.6667,174.1567,157.5184
213.25,279.25,95,1.8333,174.2608,157.6408
213.5,279.5,95,2.0,174.385,157.77
213.75,279.75,95,2.1667,174.4984,157.8892
214.0,280.0,95,2.3333,174.7066,157.9933
214.25,280.25,95,2.5,174.8175,158.0829
214.5,280.5,95,2.6667,174.9217,158.1017
214.75,280.75,95,2.8333,175.0258,158.2058
215.0,281.0,96,1.0,175.15,158.35
215.25,281.25,96,1.1667,175.4284,158.4542
215.5,281.5,96,1.3333,175.5583,158.5583
215.75,281.75,96,1.5,175.6625,158.6625
216.0,282.0,96,1.6667,175.7801,158.7667
216.25,282.25,96,1.8333,175.9108,158.8708
216.5,282.5,96,2.0,176.035,158.975
216.75,282.75,96,2.1667,176.1392,159.0792
217.0,283.0,96,2.3333,176.2499,159.1833
217.25,283.25,96,2.5,176.3875,159.2875
217.5,283.5,96,2.6667,176.5117,159.3917
217.75,283.75,96,2.8333,176.6358,159.4958
218.0,284.0,97,1.0,176.74,159.6
218.25,284.25,97,1.1667,177.0726,159.7042
218.5,284.5,97,1.3333,177.2083,159.8083
218.75,284.75,97,1.5,177.3125,159.9125
219.0,285.0,97,1.6667,177.4167,160.0167
219.25,285.25,97,1.8333,177.5208,160.1208
219.5,285.5,97,2.0,177.625,160.225
219.75,285.75,97,2.1667,177.7292,160.3292
220.0,286.0,97,2.3333,177.8333,160.4333
220.25,286.25,97,2.5,177.9975,160.5375
220.5,286.5,97,2.6667,178.1268,160.6417
220.75,286.75,97,2.8333,178.3458,160.7458
221.0,287.0,98,1.0,178.47,160.85
221.25,287.25,98,1.1667,178.7226,160.9742
221.5,287.5,98,1.3333,178.8783,161.0783
221.75,287.75,98,1.5,178.9825,161.1825
222.0,288.0,98,1.6667,179.0867,161.2867
222.25,288.25,98,1.8333,179.1908,161.3908
222.5,288.5,98,2.0,179.295,161.495
222.75,288.75,98,2.1667,179.3992,161.6392
223.0,289.0,98,2.3333,179.5033,161.7433
223.25,289.25,98,2.5,179.6075,161.8475
223.5,289.5,98,2.6667,179.7234,161.9517
223.75,289.75,98,2.8333,179.8358,162.0558
224.0,290.0,99,1.0,180.02,162.16
224.25,290.25,99,1.1667,180.1842,162.2642
224.5,290.5,99,1.3333,180.2883,162.3883
224.75,290.75,99,1.5,180.585,162.4925
225.0,291.0,99,1.6667,180.6967,162.5967
225.25,291.25,99,1.8333,180.8008,162.6808
225.5,291.5,99,2.0,180.905,162.785
225.75,291.75,99,2.1667,181.0092,162.8892
226.0,292.0,99,2.3333,181.1133,162.9933
226.25,292.25,99,2.5,181.2975,163.0975
226.5,292.5,99,2.6667,181.4034,163.2017
226.75,292.75,99,2.8333,181.5658,163.3015
227.0,293.0,100,1.0,181.67,163.35
227.25,293.25,100,1.1667,181.8026,163.4542
227.5,293.5,100,1.3333,181.9183,163.5383
227.75,293.75,100,1.5,182.0425,163.6425
228.0,294.0,100,1.6667,182.2067,163.7467
228.25,294.25,100,1.8333,182.4108,163.8508
228.5,294.5,100,2.0,182.535,163.955
228.75,294.75,100,2.1667,182.7584,164.0592
229.0,295.0,100,2.3333,182.9233,164.1633
229.25,295.25,100,2.5,183.0275,164.2675
229.5,295.5,100,2.6667,183.1517,164.3717
229.75,295.75,100,2.8333,183.2558,164.4758
230.0,296.0,101,1.0,183.36,164.58
230.25,296.25,101,1.1667,183.5042,164.6842
230.5,296.5,101,1.3333,183.6083,164.7883
230.75,296.75,101,1.5,183.7525,164.8925
231.0,297.0,101,1.6667,183.8767,164.9967
231.25,297.25,101,1.8333,184.0024,165.1008
231.5,297.5,101,2.0,184.155,165.205
232.0,298.0,101,2.3333,184.4133,165.4133
232.5,298.5,101,2.6667,184.7017,165.6217
233.0,299.0,102,1.0,184.91,165.83
233.5,299.5,102,1.3333,185.2583,166.0383
234.0,300.0,102,1.6667,185.4667,166.2467
234.5,300.5,102,2.0,185.755,166.4375
235.0,301.0,102,2.3333,186.0466,166.6433
235.5,301.5,102,2.6667,186.2917,166.8517
236.0,302.0,103,1.0,186.6,167.06
236.5,302.5,103,1.3333,186.8883,167.3083
237.0,303.0,103,1.6667,187.1367,167.5167
237.5,303.5,103,2.0,187.445,167.735
238.0,304.0,103,2.3333,187.6733,167.9733
238.5,304.5,103,2.6667,188.1217,168.2017
239.0,305.0,104,1.0,188.33,168.43
239.5,305.5,104,1.3333,188.5383,168.6383
240.0,306.0,104,1.6667,188.7667,168.8534
240.5,306.5,104,2.0,189.015,169.075
241.0,307.0,104,2.3333,189.3833,169.2833
241.5,307.5,104,2.6667,189.6834,169.4917
242.0,308.0,105,1.0,189.9,169.7
242.5,308.5,105,1.3333,190.1966,169.8883
243.0,309.0,105,1.6667,190.4967,170.0967
243.5,309.5,105,2.0,190.785,170.285
244.0,310.0,105,2.3333,191.0733,170.4933
244.5,310.5,105,2.6667,191.3034,170.7017
245.0,311.0,106,1.0,191.55,170.91
245.5,311.5,106,1.3333,191.8383,171.1183
246.0,312.0,106,1.6667,192.0735,171.3267
246.5,312.5,106,2.0,192.395,171.535
247.0,313.0,106,2.3333,192.8433,171.7433
247.5,313.5,106,2.6667,193.1317,171.8917
248.0,314.0,107,1.0,193.34,172.1
248.5,314.5,107,1.3333,193.5683,172.3083
249.0,315.0,107,1.6667,193.7767,172.5567
249.5,315.5,107,2.0,193.985,172.765
250.0,316.0,107,2.3333,194.1933,172.9733
250.5,316.5,107,2.6667,194.4017,173.1817
254.0,317.0,109,1.0,194.97,173.48
254.5,317.5,109,1.3333,195.4583,174.0166
255.0,318.0,109,1.6667,195.8467,174.3467
255.5,318.5,109,2.0,196.075,174.575
256.0,319.0,109,2.3333,196.4033,174.8233
256.5,319.5,109,2.6667,196.6117,175.0317
257.0,320.0,110,1.0,196.92,175.24
258.0,321.0,110,2.0,197.905,176.225
258.5,321.5,110,2.5,198.2175,176.6975
259.0,322.0,111,1.0,198.53,177.07
259.3333,322.3333,111,1.3333,199.4383,177.8183
259.6667,322.6667,111,1.6667,199.6467,178.0334
260.0,323.0,111,2.0,199.855,178.295
260.3333,323.3333,111,2.3333,200.0633,178.5833
260.6667,323.6667,111,2.6667,200.2717,178.8117
261.0,324.0,112,1.0,200.48,179.02
263.0,326.0,113,1.0,202.01,180.29
264.0,327.0,113,2.0,202.775,181.235
265.0,328.0,114,1.0,203.4,182.06
266.5,329.5,114,2.5,205.4975,183.3375
267.0,330.0,115,1.0,205.81,183.75
268.0,331.0,115,2.0,206.555,184.475
269.0,332.0,116,1.0,207.18,185.2
269.3333,332.3333,116,1.3333,207.3883,185.4483
269.5,332.5,116,1.5,207.6325,185.5525
269.6667,332.6667,116,1.6667,207.8967,185.8367
270.0,333.0,116,2.0,208.105,186.05
270.5,333.5,116,2.5,208.4175,186.3775
271.0,334.0,117,1.0,208.75,186.77
271.3333,334.3333,117,1.3333,208.9583,186.9783
271.5,334.5,117,1.5,209.0625,187.0825
271.6667,334.6667,117,1.6667,209.1667,187.1867
272.0,335.0,117,2.0,209.535,187.395
272.5,335.5,117,2.5,209.9075,187.815
273.0,336.0,118,1.0,210.34,188.14
273.3333,336.3333,118,1.3333,210.5483,188.3483
273.5,336.5,118,1.5,210.6525,188.4525
273.6667,336.6667,118,1.6667,210.7767,188.5567
274.0,337.0,118,2.0,211.105,188.765
274.5,337.5,118,2.5,211.4575,189.1175
275.0,338.0,119,1.0,211.79,189.47
275.3333,338.3333,119,1.3333,212.0383,189.6983
275.5,338.5,119,1.5,212.155,189.8025
275.6667,338.6667,119,1.6667,212.3467,189.9067
276.0,339.0,119,2.0,212.575,190.155
276.3333,339.3333,119,2.3333,212.8233,190.3633
276.5,339.5,119,2.5,212.9425,190.5275
276.6667,339.6667,119,2.6667,213.0717,190.6317
277.0,340.0,120,1.0,213.28,190.84
277.3333,340.3333,120,1.3333,213.6683,191.0483
277.5,340.5,120,1.5,213.83,191.1525
277.6667,340.6667,120,1.6667,213.9567,191.2767
278.0,341.0,120,2.0,214.175,191.58
278.3333,341.3333,120,2.3333,214.4533,191.8933
278.5,341.5,120,2.5,214.7175,191.9975
278.6667,341.6667,120,2.6667,214.8217,192.1017
279.0,342.0,121,1.0,215.04,192.31
279.3333,342.3333,121,1.3333,215.2783,192.5183
279.5,342.5,121,1.5,215.3825,192.6225
279.6667,342.6667,121,1.6667,215.5267,192.7267
279.75,342.75,121,1.75,215.5788,192.7788
280.0,343.0,121,2.0,215.735,192.935
280.3333,343.3333,121,2.3333,215.9699,193.2033
280.5,343.5,121,2.5,216.1075,193.3075
280.6667,343.6667,121,2.6667,216.2517,193.4517
281.0,344.0,122,1.0,216.46,193.66
281.3333,344.3333,122,1.3333,216.6683,193.9083
281.5,344.5,122,1.5,216.7725,194.0125
281.6667,344.6667,122,1.6667,216.9967,194.1367
282.0,345.0,122,2.0,217.225,194.425
282.3333,345.3333,122,2.3333,217.4933,194.7133
282.5,345.5,122,2.5,217.5975,194.8175
282.6667,345.6667,122,2.6667,217.7017,195.0017
283.0,346.0,123,1.0,217.91,195.21
283.3333,346.3333,123,1.3333,218.2583,195.4183
283.5,346.5,123,1.5,218.3825,195.5225
283.6667,346.6667,123,1.6667,218.4867,195.6267
283.75,346.75,123,1.75,218.5588,195.6788
284.0,347.0,123,2.0,218.775,195.835
284.3333,347.3333,123,2.3333,218.9833,196.1633
284.5,347.5,123,2.5,219.0875,196.275
284.6667,347.6667,123,2.6667,219.1917,196.3917
285.0,348.0,124,1.0,219.42,196.6
285.25,348.25,124,1.25,219.6363,196.8563
285.3333,348.3333,124,1.3333,219.7083,196.9083
285.5,348.5,124,1.5,219.9325,197.0125
285.6667,348.6667,124,1.6667,220.0367,197.1167
285.8333,348.8333,124,1.8333,220.1832,197.2408
286.0,349.0,124,2.0,220.345,197.345
286.3333,349.3333,124,2.3333,220.5533,197.5733
286.5,349.5,124,2.5,220.6575,197.6775
286.6667,349.6667,124,2.6667,220.7685,197.7817
287.0,350.0,125,1.0,221.05,197.99
287.3333,350.3333,125,1.3333,221.2783,198.1983
287.5,350.5,125,1.5,221.3825,198.3025
287.6667,350.6667,125,1.6667,221.4867,198.5069
288.0,351.0,125,2.0,221.695,198.795
288.3333,351.3333,125,2.3333,222.0633,199.0033
288.5,351.5,125,2.5,222.1675,199.1075
288.6667,351.6667,125,2.6667,222.2717,199.2234
289.0,352.0,126,1.0,222.5,199.5
289.25,352.25,126,1.25,222.6563,199.6763
289.5,352.5,126,1.5,222.8125,199.8325
289.75,352.75,126,1.75,222.9776,199.9888
290.0,353.0,126,2.0,223.145,200.145
290.25,353.25,126,2.25,223.3013,200.3413
290.5,353.5,126,2.5,223.4575,200.4975
290.75,353.75,126,2.75,223.6138,200.6538
291.0,354.0,127,1.0,223.89,200.84
291.25,354.25,127,1.25,224.1463,201.0463
291.5,354.5,127,1.5,224.3025,201.2025
291.75,354.75,127,1.75,224.4588,201.4388
292.0,355.0,127,2.0,224.635,201.635
292.25,355.25,127,2.25,224.8513,201.7913
292.5,355.5,127,2.5,225.0075,202.0075
292.75,355.75,127,2.75,225.1638,202.1638
293.0,356.0,128,1.0,225.32,202.32
293.5,356.5,128,1.5,225.7525,202.6525
293.75,356.75,128,1.75,225.9176,202.8088
294.0,357.0,128,2.0,226.205,202.965
294.5,357.5,128,2.5,226.5175,203.2975
294.75,357.75,128,2.75,226.6738,203.4538
295.0,358.0,129,1.0,226.84,203.61
295.25,358.25,129,1.25,227.2063,203.8463
295.5,358.5,129,1.5,227.3625,204.0025
295.75,358.75,129,1.75,227.5188,204.1588
296.0,359.0,129,2.0,227.675,204.315
296.25,359.25,129,2.25,227.8426,204.4713
296.5,359.5,129,2.5,228.0075,204.6275
296.75,359.75,129,2.75,228.1638,204.7952
297.0,360.0,130,1.0,228.32,205.0
297.5,360.5,130,1.5,228.7925,205.3525
297.75,360.75,130,1.75,228.9488,205.5088
298.0,361.0,130,2.0,229.105,205.705
298.5,361.5,130,2.5,229.5775,206.1125
298.75,361.75,130,2.75,229.7338,206.2738
299.0,362.0,131,1.0,229.89,206.43
299.25,362.25,131,1.25,230.0463,206.6263
299.5,362.5,131,1.5,230.215,206.7875
299.75,362.75,131,1.75,230.4588,206.9788
300.0,363.0,131,2.0,230.615,207.195
300.25,363.25,131,2.25,230.8513,207.3713
300.5,363.5,131,2.5,231.0075,207.5275
300.75,363.75,131,2.75,231.1876,207.6838
301.0,364.0,132,1.0,231.44,207.88
301.25,364.25,132,1.25,231.5963,208.0363
301.5,364.5,132,1.5,231.8325,208.1925
301.75,364.75,132,1.75,231.9888,208.3488
302.0,365.0,132,2.0,232.17,208.665
302.25,365.25,132,2.25,232.4013,208.8213
302.5,365.5,132,2.5,232.5575,208.9775
302.75,365.75,132,2.75,232.7338,209.1538
303.0,366.0,133,1.0,232.89,209.31
303.25,366.25,133,1.25,233.2063,209.5263
303.5,366.5,133,1.5,233.3625,209.6875
303.75,366.75,133,1.75,233.5188,209.8788
304.0,367.0,133,2.0,233.675,210.055
304.25,367.25,133,2.25,233.8313,210.2513
304.5,367.5,133,2.5,234.0275,210.4075
304.75,367.75,133,2.75,234.1914,210.5638
305.0,368.0,134,1.0,234.4,210.78
305.25,368.25,134,1.25,234.7763,210.9363
305.5,368.5,134,1.5,234.9325,211.0925
305.75,368.75,134,1.75,235.0888,211.2688
306.0,369.0,134,2.0,235.25,211.565
306.25,369.25,134,2.25,235.4213,211.7213
306.5,369.5,134,2.5,235.5775,211.8775
306.75,369.75,134,2.75,235.7338,212.0338
307.0,370.0,135,1.0,235.89,212.19
307.25,370.25,135,1.25,236.1063,212.3652
307.5,370.5,135,1.5,236.2625,212.5625
307.75,370.75,135,1.75,236.4188,212.7188
308.0,371.0,135,2.0,236.655,212.875
308.25,371.25,135,2.25,236.8313,213.0313
308.5,371.5,135,2.5,236.9875,213.2075
308.75,371.75,135,2.75,237.1438,213.3838
309.0,372.0,136,1.0,237.34,213.58
309.25,372.25,136,1.25,237.5763,213.8163
309.5,372.5,136,1.5,237.8325,214.0125
309.75,372.75,136,1.75,237.9888,214.1688
310.0,373.0,136,2.0,238.145,214.325
310.25,373.25,136,2.25,238.3813,214.5026
310.5,373.5,136,2.5,238.5375,214.6775
310.75,373.75,136,2.75,238.6938,214.8338
311.0,374.0,137,1.0,238.87,215.01
311.25,374.25,137,1.25,239.1463,215.3263
311.5,374.5,137,1.5,239.3025,215.4825
311.75,374.75,137,1.75,239.4588,215.6388
312.0,375.0,137,2.0,239.615,215.795
312.25,375.25,137,2.25,239.7713,215.9513
312.5,375.5,137,2.5,239.9275,216.1075
312.75,375.75,137,2.75,240.0838,216.2638
313.0,376.0,138,1.0,240.24,216.42
313.25,376.25,138,1.25,240.6763,216.8563
313.5,376.5,138,1.5,240.8325,217.0125
313.75,376.75,138,1.75,240.9888,217.1688
314.0,377.0,138,2.0,241.145,217.325
314.25,377.25,138,2.25,241.3013,217.4813
314.5,377.5,138,2.5,241.4575,217.6375
314.75,377.75,138,2.75,241.6138,217.7938
315.0,378.0,139,1.0,241.77,217.96
315.25,378.25,139,1.25,242.2063,218.2463
315.5,378.5,139,1.5,242.3825,218.4025
315.75,378.75,139,1.75,242.5388,218.5588
316.0,379.0,139,2.0,242.695,218.715
316.25,379.25,139,2.25,242.8913,219.1313
316.5,379.5,139,2.5,243.0475,219.2875
316.75,379.75,139,2.75,243.3838,219.4438
317.0,380.0,140,1.0,243.54,219.6
317.5,380.5,140,1.5,243.8525,219.9125
318.0,381.0,140,2.0,244.285,220.325
318.5,381.5,140,2.5,244.5975,220.6375
319.0,382.0,141,1.0,244.97,221.06
319.25,382.25,141,1.25,245.1863,221.3063
319.5,382.5,141,1.5,245.3425,221.4625
319.75,382.75,141,1.75,245.4988,221.6588
320.0,383.0,141,2.0,245.655,221.815
320.25,383.25,141,2.25,245.8113,221.9713
320.5,383.5,141,2.5,246.0475,222.2075
320.75,383.75,141,2.75,246.3238,222.3638
321.0,384.0,142,1.0,246.48,222.54
321.5,384.5,142,1.5,246.7925,222.9125
322.0,385.0,142,2.0,247.125,223.245
322.5,385.5,142,2.5,247.535,223.5575
323.0,386.0,143,1.0,247.88,223.98
323.5,386.5,143,1.5,248.4225,224.5425
324.0,387.0,143,2.0,248.735,224.855
324.5,387.5,143,2.5,249.1675,225.2475
325.0,388.0,144,1.0,249.52,225.76
325.5,388.5,144,1.5,249.9925,226.0725
326.0,389.0,144,2.0,250.405,226.5
326.5,389.5,144,2.5,250.7775,226.9175
327.0,390.0,145,1.0,251.16,227.34
328.0,391.0,145,2.0,251.955,228.135
328.5,391.5,145,2.5,252.3275,228.4675
329.0,392.0,146,1.0,252.68,228.84
329.5,392.5,146,1.5,253.0125,229.2325
330.0,393.0,146,2.0,253.37,229.57
330.5,393.5,146,2.5,253.8175,230.0175
331.0,394.0,147,1.0,254.24,230.35
331.5,394.5,147,1.5,254.5975,230.675
332.0,395.0,147,2.0,255.015,231.075
332.5,395.5,147,2.5,255.37,231.4875
333.0,396.0,148,1.0,255.72,231.82
333.5,396.5,148,1.5,256.1325,232.1525
334.0,397.0,148,2.0,256.655,232.56
334.5,397.5,148,2.5,256.9975,233.0775
335.0,398.0,149,1.0,257.35,233.39
335.5,398.5,149,1.5,257.7225,233.7625
336.0,399.0,149,2.0,258.155,234.155
336.5,399.5,149,2.5,258.5075,234.5475
337.0,400.0,150,1.0,258.82,234.92
337.5,400.5,150,1.5,259.2725,235.2725
338.0,401.0,150,2.0,259.685,235.73
338.5,401.5,150,2.5,260.1575,236.2575
339.0,402.0,151,1.0,260.54,236.69
339.75,402.75,151,1.75,261.2388,237.3188
340.0,403.0,151,2.0,261.395,237.475
340.75,403.75,151,2.75,262.0714,238.0838
341.0,404.0,152,1.0,262.26,238.24
341.75,404.75,152,1.75,262.8064,238.8864
342.0,405.0,152,2.0,263.045,239.085
342.75,405.75,152,2.75,263.5938,239.6738
343.0,406.0,153,1.0,263.93,239.93
343.75,406.75,153,1.75,264.5188,240.5716
344.0,407.0,153,2.0,264.675,240.755
344.75,407.75,153,2.75,265.3028,241.4238
345.0,408.0,154,1.0,265.58,241.72
345.75,408.75,154,1.75,266.1968,242.2416
346.0,409.0,154,2.0,266.77,242.565
346.75,409.75,154,2.75,267.3138,243.3152
347.0,410.0,155,1.0,267.51,243.62
347.3333,410.3333,155,1.3333,268.2783,244.1783
347.6667,410.6667,155,1.6667,268.4867,244.4671
348.0,411.0,155,2.0,268.905,244.855
348.3333,411.3333,155,2.3333,269.1932,245.2233
348.6667,411.6667,155,2.6667,269.4517,245.4317
349.0,412.0,156,1.0,269.98,245.66
349.3333,412.3333,156,1.3333,270.3883,246.3766
349.6667,412.6667,156,1.6667,270.5967,246.6367
350.0,413.0,156,2.0,270.805,246.965
350.3333,413.3333,156,2.3333,271.0333,247.4133
350.6667,413.6667,156,2.6667,271.477,247.6217
351.0,414.0,157,1.0,271.85,247.83
351.3333,414.3333,157,1.3333,272.1332,248.0383
351.5,414.5,157,1.5,272.2675,248.1425
351.6667,414.6667,157,1.6667,272.4067,248.2467
352.0,415.0,157,2.0,272.795,248.475
352.3333,415.3333,157,2.3333,273.0365,248.7833
352.5,415.5,157,2.5,273.2775,248.8875
352.6667,415.6667,157,2.6667,273.4517,249.1034
353.0,416.0,158,1.0,273.7,249.48
353.3333,416.3333,158,1.3333,274.1683,249.7483
353.5,416.5,158,1.5,274.2725,249.8525
353.6667,416.6667,158,1.6667,274.5567,249.9567
354.0,417.0,158,2.0,274.81,250.22
354.3333,417.3333,158,2.3333,275.0933,250.6133
354.5,417.5,158,2.5,275.2175,250.7375
354.6667,417.6667,158,2.6667,275.6817,251.0417
355.0,418.0,159,1.0,275.91,251.26
355.3333,418.3333,159,1.3333,276.7383,251.6583
355.6667,418.6667,159,1.6667,277.0267,251.9069
356.0,419.0,159,2.0,277.235,252.21
356.3333,419.3333,159,2.3333,277.546,252.7499
356.6667,419.6667,159,2.6667,278.0717,252.9917
357.0,420.0,160,1.0,278.28,253.36
357.3333,420.3333,160,1.3333,278.5913,253.8132
357.6667,420.6667,160,1.6667,278.9367,254.0567
358.0,421.0,160,2.0,279.57,254.385
358.3333,421.3333,160,2.3333,280.0133,254.6133
358.6667,421.6667,160,2.6667,280.2434,254.8817
359.0,422.0,161,1.0,280.48,255.15
359.3333,422.3333,161,1.3333,280.8783,255.6183
359.5,422.5,161,1.5,280.9825,255.7225
359.6667,422.6667,161,1.6667,281.2601,255.8668
360.0,423.0,161,2.0,281.595,256.115
360.3333,423.3333,161,2.3333,282.1033,256.6033
360.5,423.5,161,2.5,282.2425,256.7225
360.6667,423.6667,161,2.6667,282.4434,256.8517
361.0,424.0,162,1.0,282.9,257.18
361.3333,424.3333,162,1.3333,284.7083,257.7883
361.5,424.5,162,1.5,284.8125,257.8925
361.6667,424.6667,162,1.6667,285.0767,258.0334
362.0,425.0,162,2.0,285.65,258.465
362.3333,425.3333,162,2.3333,285.8733,258.8933
362.5,425.5,162,2.5,286.0175,259.075
362.6667,425.6667,162,2.6667,288.2817,259.2502
363.0,426.0,163,1.0,288.49,259.89
365.0,428.0,164,1.0,289.86,262.06
366.3333,429.3333,164,2.3333,290.9533,263.8133
366.6667,429.6667,164,2.6667,291.1617,264.9651
367.0,430.0,165,1.0,292.14,265.91
