score_qstamp,qstamp,measure,beat,735487_tstamp
0.0,0.0,1,1.0,6.52
2.0,2.0,1,3.0,7.27
4.0,4.0,2,1.0,8.02
6.0,6.0,2,3.0,8.77
8.0,8.0,3,1.0,9.52
8.5,8.5,3,1.5,9.7075
9.0,9.0,3,2.0,9.895
9.5,9.5,3,2.5,10.0825
10.0,10.0,3,3.0,10.27
10.5,10.5,3,3.5,10.755
11.0,11.0,3,4.0,10.945
11.5,11.5,3,4.5,11.1325
12.0,12.0,4,1.0,11.32
12.5,12.5,4,1.5,11.5075
13.0,13.0,4,2.0,11.715
13.5,13.5,4,2.5,11.9025
14.0,14.0,4,3.0,12.09
14.5,14.5,4,3.5,12.2175
15.0,15.0,4,4.0,12.405
15.5,15.5,4,4.5,12.5925
16.0,16.0,5,1.0,12.8
16.5,16.5,5,1.5,12.9875
17.0,17.0,5,2.0,13.19
17.5,17.5,5,2.5,13.3825
18.0,18.0,5,3.0,13.58
18.5,18.5,5,3.5,13.7775
19.0,19.0,5,4.0,13.965
19.5,19.5,5,4.5,14.3125
20.0,20.0,6,1.0,14.74
20.5,20.5,6,1.5,14.9275
21.0,21.0,6,2.0,15.185
21.5,21.5,6,2.5,15.3825
22.0,22.0,6,3.0,15.57
22.5,22.5,6,3.5,15.7575
23.0,23.0,6,4.0,15.945
23.5,23.5,6,4.5,16.1325
24.0,24.0,7,1.0,16.32
24.5,24.5,7,1.5,16.555
25.0,25.0,7,2.0,16.755
25.5,25.5,7,2.5,16.9825
26.0,26.0,7,3.0,17.17
26.5,26.5,7,3.5,17.3775
27.0,27.0,7,4.0,17.565
27.5,27.5,7,4.5,17.7525
28.0,28.0,8,1.0,17.94
28.5,28.5,8,1.5,18.1275
29.0,29.0,8,2.0,18.315
29.5,29.5,8,2.5,18.5025
30.0,30.0,8,3.0,18.69
30.5,30.5,8,3.5,18.8775
31.0,31.0,8,4.0,19.805
31.5,31.5,8,4.5,19.9925
32.0,32.0,9,1.0,20.18
34.0,34.0,9,3.0,20.93
36.0,36.0,10,1.0,21.68
38.0,38.0,10,3.0,22.43
40.0,40.0,11,1.0,23.18
42.0,42.0,11,3.0,23.93
44.0,44.0,12,1.0,24.68
46.0,46.0,12,3.0,24.9464
48.0,48.0,13,1.0,24.9563
48.5,48.5,13,1.5,24.9588
49.0,49.0,13,2.0,25.055
49.5,49.5,13,2.5,25.2425
50.0,50.0,13,3.0,25.43
50.5,50.5,13,3.5,25.6175
51.0,51.0,13,4.0,25.7007
51.5,51.5,13,4.5,25.7725
52.0,52.0,14,1.0,25.96
52.5,52.5,14,1.5,26.1475
53.0,53.0,14,2.0,26.335
53.5,53.5,14,2.5,26.4025
54.0,54.0,14,3.0,26.59
54.5,54.5,14,3.5,26.6032
55.0,55.0,14,4.0,26.6066
55.5,55.5,14,4.5,26.61
56.0,56.0,15,1.0,26.6135
56.5,56.5,15,1.5,26.6169
57.0,57.0,15,2.0,26.635
57.5,57.5,15,2.5,26.8225
58.0,58.0,15,3.0,27.01
58.5,58.5,15,3.5,27.1375
59.0,59.0,15,4.0,27.325
59.5,59.5,15,4.5,27.4125
60.0,60.0,16,1.0,27.6
60.5,60.5,16,1.5,27.6368
61.0,61.0,16,2.0,27.795
61.5,61.5,16,2.5,27.9825
62.0,62.0,16,3.0,28.17
62.5,62.5,16,3.5,28.3575
63.0,63.0,16,4.0,28.545
63.5,63.5,16,4.5,28.7325
64.0,64.0,17,1.0,28.92
64.5,64.5,17,1.5,29.1075
65.0,65.0,17,2.0,29.295
65.5,65.5,17,2.5,29.4825
66.0,66.0,17,3.0,29.67
66.5,66.5,17,3.5,29.8575
67.0,67.0,17,4.0,30.045
67.5,67.5,17,4.5,30.2325
68.0,68.0,18,1.0,30.42
68.5,68.5,18,1.5,30.5618
69.0,69.0,18,2.0,30.569
69.5,69.5,18,2.5,30.5762
70.0,70.0,18,3.0,30.67
70.5,70.5,18,3.5,30.6904
71.0,71.0,18,4.0,30.725
71.5,71.5,18,4.5,30.9125
72.0,72.0,19,1.0,31.1
72.3333,72.3333,19,1.3333,31.225
72.6667,72.6667,19,1.6667,31.35
73.0,73.0,19,2.0,31.475
73.3333,73.3333,19,2.3333,31.6
73.6667,73.6667,19,2.6667,31.725
74.0,74.0,19,3.0,31.85
74.3333,74.3333,19,3.3333,31.975
74.6667,74.6667,19,3.6667,32.1
75.0,75.0,19,4.0,32.225
75.3333,75.3333,19,4.3333,32.35
75.6667,75.6667,19,4.6667,32.475
76.0,76.0,20,1.0,32.6
76.3333,76.3333,20,1.3333,32.725
76.6667,76.6667,20,1.6667,32.85
77.0,77.0,20,2.0,32.975
77.3333,77.3333,20,2.3333,33.1
77.6667,77.6667,20,2.6667,33.225
78.0,78.0,20,3.0,33.35
78.3333,78.3333,20,3.3333,33.475
78.6667,78.6667,20,3.6667,33.6
79.0,79.0,20,4.0,33.725
79.3333,79.3333,20,4.3333,33.85
79.6667,79.6667,20,4.6667,33.975
80.0,80.0,21,1.0,34.1
80.2,80.2,21,1.2,34.175
80.25,80.25,21,1.25,34.1938
80.4,80.4,21,1.4,34.25
80.5,80.5,21,1.5,34.2875
80.6,80.6,21,1.6,34.325
80.75,80.75,21,1.75,34.3812
80.8,80.8,21,1.8,34.4
81.0,81.0,21,2.0,34.475
81.2,81.2,21,2.2,34.55
81.25,81.25,21,2.25,34.5688
81.4,81.4,21,2.4,34.625
81.5,81.5,21,2.5,34.6625
81.6,81.6,21,2.6,34.7
81.75,81.75,21,2.75,34.7562
81.8,81.8,21,2.8,34.775
82.0,82.0,21,3.0,34.85
82.2,82.2,21,3.2,34.925
82.25,82.25,21,3.25,34.9438
82.4,82.4,21,3.4,35.0
82.5,82.5,21,3.5,35.0375
82.6,82.6,21,3.6,35.075
82.75,82.75,21,3.75,35.1312
82.8,82.8,21,3.8,35.15
83.0,83.0,21,4.0,35.225
83.2,83.2,21,4.2,35.3
83.25,83.25,21,4.25,35.3188
83.4,83.4,21,4.4,35.375
83.5,83.5,21,4.5,35.4125
83.6,83.6,21,4.6,35.45
83.75,83.75,21,4.75,35.5062
83.8,83.8,21,4.8,35.525
84.0,84.0,22,1.0,35.6
84.2,84.2,22,1.2,35.675
84.25,84.25,22,1.25,35.6938
84.4,84.4,22,1.4,35.75
84.5,84.5,22,1.5,35.7875
84.6,84.6,22,1.6,35.825
84.75,84.75,22,1.75,35.8812
84.8,84.8,22,1.8,35.9
85.0,85.0,22,2.0,35.975
85.2,85.2,22,2.2,36.05
85.25,85.25,22,2.25,36.0688
85.4,85.4,22,2.4,36.125
85.5,85.5,22,2.5,36.1625
85.6,85.6,22,2.6,36.2
85.75,85.75,22,2.75,36.2562
85.8,85.8,22,2.8,36.275
86.0,86.0,22,3.0,36.35
86.2,86.2,22,3.2,36.425
86.25,86.25,22,3.25,36.4438
86.4,86.4,22,3.4,36.5
86.5,86.5,22,3.5,36.5375
86.6,86.6,22,3.6,36.575
86.75,86.75,22,3.75,36.6312
86.8,86.8,22,3.8,36.65
87.0,87.0,22,4.0,36.725
87.2,87.2,22,4.2,36.8
87.25,87.25,22,4.25,36.8188
87.4,87.4,22,4.4,36.875
87.5,87.5,22,4.5,36.8854
87.6,87.6,22,4.6,36.8917
87.75,87.75,22,4.75,36.9062
87.8,87.8,22,4.8,36.925
88.0,88.0,23,1.0,37.0
88.2,88.2,23,1.2,37.075
88.25,88.25,23,1.25,37.0938
88.4,88.4,23,1.4,37.15
88.5,88.5,23,1.5,37.1875
88.6,88.6,23,1.6,37.225
88.75,88.75,23,1.75,37.2812
88.8,88.8,23,1.8,37.3
89.0,89.0,23,2.0,37.375
89.2,89.2,23,2.2,37.45
89.25,89.25,23,2.25,37.4688
89.4,89.4,23,2.4,37.525
89.5,89.5,23,2.5,37.5625
89.6,89.6,23,2.6,37.6
89.75,89.75,23,2.75,37.6562
89.8,89.8,23,2.8,37.675
90.0,90.0,23,3.0,37.75
90.2,90.2,23,3.2,37.825
90.25,90.25,23,3.25,37.8438
90.4,90.4,23,3.4,37.9
90.5,90.5,23,3.5,37.9375
90.6,90.6,23,3.6,37.975
90.75,90.75,23,3.75,38.0312
90.8,90.8,23,3.8,38.05
91.0,91.0,23,4.0,38.125
91.2,91.2,23,4.2,38.2
91.25,91.25,23,4.25,38.2188
91.4,91.4,23,4.4,38.275
91.5,91.5,23,4.5,38.3125
91.6,91.6,23,4.6,38.35
91.75,91.75,23,4.75,38.4062
91.8,91.8,23,4.8,38.425
92.0,92.0,24,1.0,38.5
92.2,92.2,24,1.2,38.575
92.25,92.25,24,1.25,38.5938
92.4,92.4,24,1.4,38.65
92.5,92.5,24,1.5,38.6875
92.6,92.6,24,1.6,38.7031
92.75,92.75,24,1.75,38.7102
92.8,92.8,24,1.8,38.7125
93.0,93.0,24,2.0,38.735
93.2,93.2,24,2.2,38.81
93.25,93.25,24,2.25,38.8288
93.4,93.4,24,2.4,38.885
93.5,93.5,24,2.5,38.9225
93.6,93.6,24,2.6,38.9429
93.75,93.75,24,2.75,38.9509
93.8,93.8,24,2.8,38.9536
94.0,94.0,24,3.0,38.99
94.2,94.2,24,3.2,39.065
94.25,94.25,24,3.25,39.0838
94.4,94.4,24,3.4,39.14
94.5,94.5,24,3.5,39.1775
94.6,94.6,24,3.6,39.215
94.75,94.75,24,3.75,39.2712
94.8,94.8,24,3.8,39.29
95.0,95.0,24,4.0,39.3313
95.2,95.2,24,4.2,39.38
95.25,95.25,24,4.25,39.3988
95.4,95.4,24,4.4,39.455
95.5,95.5,24,4.5,39.4925
95.6,95.6,24,4.6,39.53
95.75,95.75,24,4.75,39.5862
95.8,95.8,24,4.8,39.605
96.0,96.0,25,1.0,39.68
96.2,96.2,25,1.2,39.755
96.25,96.25,25,1.25,39.7738
96.4,96.4,25,1.4,39.7862
96.5,96.5,25,1.5,39.7909
96.6,96.6,25,1.6,39.7956
96.75,96.75,25,1.75,39.8212
96.8,96.8,25,1.8,39.84
97.0,97.0,25,2.0,39.915
97.2,97.2,25,2.2,39.99
97.25,97.25,25,2.25,40.0088
97.4,97.4,25,2.4,40.065
97.5,97.5,25,2.5,40.1025
97.6,97.6,25,2.6,40.14
97.75,97.75,25,2.75,40.1962
97.8,97.8,25,2.8,40.215
98.0,98.0,25,3.0,40.29
98.2,98.2,25,3.2,40.365
98.25,98.25,25,3.25,40.3838
98.4,98.4,25,3.4,40.44
98.5,98.5,25,3.5,40.4775
98.6,98.6,25,3.6,40.515
98.75,98.75,25,3.75,40.5712
98.8,98.8,25,3.8,40.59
99.0,99.0,25,4.0,40.665
99.2,99.2,25,4.2,40.74
99.25,99.25,25,4.25,40.7588
99.4,99.4,25,4.4,40.815
99.5,99.5,25,4.5,40.8525
99.6,99.6,25,4.6,40.89
99.75,99.75,25,4.75,40.9462
99.8,99.8,25,4.8,40.965
100.0,100.0,26,1.0,41.04
100.2,100.2,26,1.2,41.115
100.25,100.25,26,1.25,41.1338
100.4,100.4,26,1.4,41.19
100.5,100.5,26,1.5,41.2275
100.6,100.6,26,1.6,41.265
100.75,100.75,26,1.75,41.3212
100.8,100.8,26,1.8,41.34
101.0,101.0,26,2.0,41.415
101.2,101.2,26,2.2,41.49
101.25,101.25,26,2.25,41.5088
101.4,101.4,26,2.4,41.565
101.5,101.5,26,2.5,41.6025
101.6,101.6,26,2.6,41.64
101.75,101.75,26,2.75,41.6962
101.8,101.8,26,2.8,41.715
102.0,102.0,26,3.0,41.79
102.2,102.2,26,3.2,41.865
102.25,102.25,26,3.25,41.8838
102.4,102.4,26,3.4,41.94
102.5,102.5,26,3.5,41.9775
102.6,102.6,26,3.6,42.015
102.75,102.75,26,3.75,42.0712
102.8,102.8,26,3.8,42.09
103.0,103.0,26,4.0,42.165
103.2,103.2,26,4.2,42.24
103.25,103.25,26,4.25,42.2588
103.4,103.4,26,4.4,42.315
103.5,103.5,26,4.5,42.3525
103.6,103.6,26,4.6,42.39
103.75,103.75,26,4.75,42.4462
103.8,103.8,26,4.8,42.465
104.0,104.0,27,1.0,42.54
104.2,104.2,27,1.2,42.615
104.25,104.25,27,1.25,42.6338
104.4,104.4,27,1.4,42.69
104.5,104.5,27,1.5,42.7275
104.6,104.6,27,1.6,42.765
104.75,104.75,27,1.75,42.8212
104.8,104.8,27,1.8,42.84
105.0,105.0,27,2.0,42.915
105.2,105.2,27,2.2,42.99
105.25,105.25,27,2.25,43.0088
105.4,105.4,27,2.4,43.065
105.5,105.5,27,2.5,43.1025
105.6,105.6,27,2.6,43.14
105.75,105.75,27,2.75,43.1962
105.8,105.8,27,2.8,43.215
106.0,106.0,27,3.0,43.29
106.2,106.2,27,3.2,43.365
106.25,106.25,27,3.25,43.3838
106.4,106.4,27,3.4,43.44
106.5,106.5,27,3.5,43.4775
106.6,106.6,27,3.6,43.515
106.75,106.75,27,3.75,43.5712
106.8,106.8,27,3.8,43.5814
107.0,107.0,27,4.0,43.5921
107.2,107.2,27,4.2,43.62
107.25,107.25,27,4.25,43.6388
107.4,107.4,27,4.4,43.695
107.5,107.5,27,4.5,43.7325
107.6,107.6,27,4.6,43.77
107.75,107.75,27,4.75,43.8262
107.8,107.8,27,4.8,43.845
108.0,108.0,28,1.0,43.92
108.2,108.2,28,1.2,43.995
108.25,108.25,28,1.25,44.0138
108.4,108.4,28,1.4,44.07
108.5,108.5,28,1.5,44.1075
108.6,108.6,28,1.6,44.145
108.75,108.75,28,1.75,44.2012
108.8,108.8,28,1.8,44.22
109.0,109.0,28,2.0,44.295
109.2,109.2,28,2.2,44.37
109.25,109.25,28,2.25,44.3888
109.4,109.4,28,2.4,44.445
109.5,109.5,28,2.5,44.4825
109.6,109.6,28,2.6,44.52
109.75,109.75,28,2.75,44.5762
109.8,109.8,28,2.8,44.595
110.0,110.0,28,3.0,44.67
110.2,110.2,28,3.2,44.745
110.25,110.25,28,3.25,44.7638
110.4,110.4,28,3.4,44.82
110.5,110.5,28,3.5,44.8575
110.6,110.6,28,3.6,44.895
110.75,110.75,28,3.75,44.9512
110.8,110.8,28,3.8,44.97
111.0,111.0,28,4.0,45.045
111.2,111.2,28,4.2,45.12
111.25,111.25,28,4.25,45.1216
111.4,111.4,28,4.4,45.1262
111.5,111.5,28,4.5,45.1294
111.6,111.6,28,4.6,45.1325
111.75,111.75,28,4.75,45.1372
111.8,111.8,28,4.8,45.1388
112.0,112.0,29,1.0,45.2
112.2,112.2,29,1.2,45.275
112.25,112.25,29,1.25,45.2938
112.4,112.4,29,1.4,45.35
112.5,112.5,29,1.5,45.3875
112.6,112.6,29,1.6,45.425
112.75,112.75,29,1.75,45.4812
112.8,112.8,29,1.8,45.5
113.0,113.0,29,2.0,45.575
113.2,113.2,29,2.2,45.65
113.25,113.25,29,2.25,45.6688
113.4,113.4,29,2.4,45.725
113.5,113.5,29,2.5,45.7625
113.6,113.6,29,2.6,45.8
113.75,113.75,29,2.75,45.8562
113.8,113.8,29,2.8,45.875
114.0,114.0,29,3.0,45.95
114.2,114.2,29,3.2,46.025
114.25,114.25,29,3.25,46.0438
114.4,114.4,29,3.4,46.1
114.5,114.5,29,3.5,46.1375
114.6,114.6,29,3.6,46.175
114.75,114.75,29,3.75,46.2312
114.8,114.8,29,3.8,46.25
115.0,115.0,29,4.0,46.325
115.2,115.2,29,4.2,46.4
115.25,115.25,29,4.25,46.4188
115.4,115.4,29,4.4,46.475
115.5,115.5,29,4.5,46.5125
115.6,115.6,29,4.6,46.55
115.75,115.75,29,4.75,46.6062
115.8,115.8,29,4.8,46.625
116.0,116.0,30,1.0,46.7
116.2,116.2,30,1.2,46.775
116.25,116.25,30,1.25,46.7938
116.4,116.4,30,1.4,46.85
116.5,116.5,30,1.5,46.8875
116.6,116.6,30,1.6,46.925
116.75,116.75,30,1.75,46.9812
116.8,116.8,30,1.8,47.0
117.0,117.0,30,2.0,47.075
117.2,117.2,30,2.2,47.15
117.25,117.25,30,2.25,47.1688
117.4,117.4,30,2.4,47.225
117.5,117.5,30,2.5,47.2625
117.6,117.6,30,2.6,47.29
117.75,117.75,30,2.75,47.3362
117.8,117.8,30,2.8,47.355
118.0,118.0,30,3.0,47.43
118.2,118.2,30,3.2,47.505
118.25,118.25,30,3.25,47.5238
118.4,118.4,30,3.4,47.58
118.5,118.5,30,3.5,47.6175
118.6,118.6,30,3.6,47.655
118.75,118.75,30,3.75,47.7112
118.8,118.8,30,3.8,47.73
119.0,119.0,30,4.0,47.805
119.2,119.2,30,4.2,47.88
119.25,119.25,30,4.25,47.8988
119.4,119.4,30,4.4,47.955
119.5,119.5,30,4.5,47.9925
119.6,119.6,30,4.6,48.03
119.75,119.75,30,4.75,48.0862
119.8,119.8,30,4.8,48.105
120.0,120.0,31,1.0,48.18
120.2,120.2,31,1.2,48.255
120.25,120.25,31,1.25,48.2738
120.4,120.4,31,1.4,48.33
120.5,120.5,31,1.5,48.3675
120.6,120.6,31,1.6,48.405
120.75,120.75,31,1.75,48.4612
120.8,120.8,31,1.8,48.48
121.0,121.0,31,2.0,48.555
121.2,121.2,31,2.2,48.75
121.25,121.25,31,2.25,48.7688
121.4,121.4,31,2.4,48.825
121.5,121.5,31,2.5,48.8625
121.6,121.6,31,2.6,48.9
121.75,121.75,31,2.75,48.9562
121.8,121.8,31,2.8,48.975
122.0,122.0,31,3.0,49.05
122.2,122.2,31,3.2,49.125
122.25,122.25,31,3.25,49.1438
122.4,122.4,31,3.4,49.2
122.5,122.5,31,3.5,49.2375
122.6,122.6,31,3.6,49.275
122.75,122.75,31,3.75,49.3312
122.8,122.8,31,3.8,49.35
123.0,123.0,31,4.0,49.425
123.2,123.2,31,4.2,49.5
123.25,123.25,31,4.25,49.5188
123.4,123.4,31,4.4,49.59
123.5,123.5,31,4.5,49.645
123.6,123.6,31,4.6,49.8
123.75,123.75,31,4.75,49.8662
123.8,123.8,31,4.8,49.885
124.0,124.0,32,1.0,49.96
124.2,124.2,32,1.2,50.14
124.25,124.25,32,1.25,50.2152
124.4,124.4,32,1.4,50.29
124.5,124.5,32,1.5,50.3275
124.6,124.6,32,1.6,50.365
124.75,124.75,32,1.75,50.4212
124.8,124.8,32,1.8,50.44
125.0,125.0,32,2.0,50.515
125.2,125.2,32,2.2,50.59
125.25,125.25,32,2.25,50.6088
125.4,125.4,32,2.4,50.665
125.5,125.5,32,2.5,50.7025
125.6,125.6,32,2.6,50.74
125.75,125.75,32,2.75,50.7962
125.8,125.8,32,2.8,50.815
126.0,126.0,32,3.0,50.89
126.2,126.2,32,3.2,50.965
126.25,126.25,32,3.25,50.9838
126.4,126.4,32,3.4,51.04
126.5,126.5,32,3.5,51.0775
126.6,126.6,32,3.6,51.115
126.75,126.75,32,3.75,51.1712
126.8,126.8,32,3.8,51.19
127.0,127.0,32,4.0,51.265
127.2,127.2,32,4.2,51.34
127.25,127.25,32,4.25,51.3588
127.4,127.4,32,4.4,51.415
127.5,127.5,32,4.5,51.4525
127.6,127.6,32,4.6,51.49
127.75,127.75,32,4.75,51.5462
127.8,127.8,32,4.8,51.565
128.0,128.0,33,1.0,51.64
128.25,128.25,33,1.25,51.7338
128.5,128.5,33,1.5,51.8275
128.75,128.75,33,1.75,51.9212
129.0,129.0,33,2.0,52.015
130.0,130.0,33,3.0,52.2611
132.0,132.0,34,1.0,52.2676
132.25,132.25,34,1.25,52.2684
132.5,132.5,34,1.5,52.2692
132.75,132.75,34,1.75,52.27
133.0,133.0,34,2.0,52.2708
134.0,134.0,34,3.0,52.2741
136.0,136.0,35,1.0,52.34
138.0,138.0,35,3.0,53.05
139.5,139.5,35,4.5,53.3125
140.0,140.0,36,1.0,53.4
140.5,140.5,36,1.5,53.5875
141.0,141.0,36,2.0,53.775
141.5,141.5,36,2.5,54.025
142.0,142.0,36,3.0,54.24
142.5,142.5,36,3.5,54.4375
143.0,143.0,36,4.0,54.625
143.5,143.5,36,4.5,54.8125
144.0,144.0,37,1.0,55.0
146.0,146.0,37,3.0,55.745
147.5,147.5,37,4.5,56.2925
148.0,148.0,38,1.0,56.48
148.5,148.5,38,1.5,56.735
149.0,149.0,38,2.0,56.935
149.5,149.5,38,2.5,57.1225
150.0,150.0,38,3.0,57.31
150.5,150.5,38,3.5,57.4975
151.0,151.0,38,4.0,57.685
151.5,151.5,38,4.5,57.8725
152.0,152.0,39,1.0,58.06
154.0,154.0,39,3.0,59.21
155.5,155.5,39,4.5,59.8325
156.0,156.0,40,1.0,60.02
156.5,156.5,40,1.5,60.2075
157.0,157.0,40,2.0,60.355
157.5,157.5,40,2.5,60.5425
158.0,158.0,40,3.0,61.11
158.5,158.5,40,3.5,61.2975
159.0,159.0,40,4.0,61.485
159.5,159.5,40,4.5,61.6725
160.0,160.0,41,1.0,61.86
160.25,160.25,41,1.25,61.9538
160.5,160.5,41,1.5,62.0475
160.75,160.75,41,1.75,62.1412
161.0,161.0,41,2.0,62.235
161.25,161.25,41,2.25,62.2772
161.5,161.5,41,2.5,62.3625
161.75,161.75,41,2.75,62.4562
162.0,162.0,41,3.0,62.55
162.25,162.25,41,3.25,62.6438
162.5,162.5,41,3.5,62.7375
162.75,162.75,41,3.75,62.8312
163.0,163.0,41,4.0,62.925
163.25,163.25,41,4.25,63.0188
163.5,163.5,41,4.5,63.1125
163.75,163.75,41,4.75,63.1862
164.0,164.0,42,1.0,63.28
164.25,164.25,42,1.25,63.3738
164.5,164.5,42,1.5,63.4675
164.75,164.75,42,1.75,63.5612
165.0,165.0,42,2.0,63.655
165.25,165.25,42,2.25,63.7488
165.5,165.5,42,2.5,63.8425
165.75,165.75,42,2.75,63.9227
166.0,166.0,42,3.0,63.9383
166.25,166.25,42,3.25,64.0238
166.5,166.5,42,3.5,64.1175
166.75,166.75,42,3.75,64.1712
167.0,167.0,42,4.0,64.265
167.25,167.25,42,4.25,64.3588
167.5,167.5,42,4.5,64.4125
167.75,167.75,42,4.75,64.5062
168.0,168.0,43,1.0,64.59
168.5,168.5,43,1.5,64.7675
168.75,168.75,43,1.75,64.8612
169.0,169.0,43,2.0,64.955
170.0,170.0,43,3.0,65.33
172.0,172.0,44,1.0,66.08
174.0,174.0,44,3.0,66.83
176.0,176.0,45,1.0,67.52
176.25,176.25,45,1.25,67.6138
176.5,176.5,45,1.5,67.7075
176.75,176.75,45,1.75,67.8012
177.0,177.0,45,2.0,67.895
177.25,177.25,45,2.25,67.9888
177.5,177.5,45,2.5,68.0825
177.75,177.75,45,2.75,68.1762
178.0,178.0,45,3.0,68.27
178.25,178.25,45,3.25,68.3638
178.5,178.5,45,3.5,68.4975
178.75,178.75,45,3.75,68.5912
179.0,179.0,45,4.0,68.685
179.25,179.25,45,4.25,68.7788
179.5,179.5,45,4.5,68.8725
179.75,179.75,45,4.75,68.9662
180.0,180.0,46,1.0,69.06
180.25,180.25,46,1.25,69.1538
180.5,180.5,46,1.5,69.2475
180.75,180.75,46,1.75,69.3412
181.0,181.0,46,2.0,69.435
181.25,181.25,46,2.25,69.5288
181.5,181.5,46,2.5,69.6225
181.75,181.75,46,2.75,69.7162
182.0,182.0,46,3.0,70.29
182.25,182.25,46,3.25,70.3838
182.5,182.5,46,3.5,70.4775
182.75,182.75,46,3.75,70.5712
183.0,183.0,46,4.0,70.665
183.25,183.25,46,4.25,70.7588
183.5,183.5,46,4.5,70.8725
183.75,183.75,46,4.75,70.9662
184.0,184.0,47,1.0,71.34
184.5,184.5,47,1.5,71.5275
184.75,184.75,47,1.75,71.6212
185.0,185.0,47,2.0,71.715
186.0,186.0,47,3.0,72.09
188.0,188.0,48,1.0,72.4083
190.0,190.0,48,3.0,72.55
192.0,192.0,49,1.0,73.3
192.25,192.25,49,1.25,73.3938
192.5,192.5,49,1.5,73.4875
192.75,192.75,49,1.75,73.5812
193.0,193.0,49,2.0,73.675
193.25,193.25,49,2.25,73.7688
193.5,193.5,49,2.5,73.8825
193.75,193.75,49,2.75,73.9762
194.0,194.0,49,3.0,74.07
194.25,194.25,49,3.25,74.1638
194.5,194.5,49,3.5,74.2575
194.75,194.75,49,3.75,74.3512
195.0,195.0,49,4.0,74.4206
195.25,195.25,49,4.25,74.4229
195.5,195.5,49,4.5,74.4252
195.75,195.75,49,4.75,74.4275
196.0,196.0,50,1.0,74.4298
196.25,196.25,50,1.25,74.432
196.5,196.5,50,1.5,74.4343
196.75,196.75,50,1.75,74.4366
197.0,197.0,50,2.0,74.4389
197.25,197.25,50,2.25,74.4636
197.5,197.5,50,2.5,74.4753
197.75,197.75,50,2.75,74.5223
198.0,198.0,50,3.0,74.5357
198.25,198.25,50,3.25,74.6038
198.5,198.5,50,3.5,74.6975
198.75,198.75,50,3.75,74.7912
199.0,199.0,50,4.0,74.885
199.25,199.25,50,4.25,74.9788
199.5,199.5,50,4.5,75.0725
199.75,199.75,50,4.75,75.1662
200.0,200.0,51,1.0,75.26
200.5,200.5,51,1.5,75.4475
200.75,200.75,51,1.75,75.5412
201.0,201.0,51,2.0,75.635
202.0,202.0,51,3.0,75.89
204.0,204.0,52,1.0,76.48
204.5,204.5,52,1.5,76.6675
204.75,204.75,52,1.75,76.7612
205.0,205.0,52,2.0,76.855
206.0,206.0,52,3.0,77.23
208.0,208.0,53,1.0,77.53
208.5,208.5,53,1.5,77.5649
208.75,208.75,53,1.75,77.5685
209.0,209.0,53,2.0,77.5721
210.0,210.0,53,3.0,77.7409
212.0,212.0,54,1.0,78.2
212.5,212.5,54,1.5,78.3875
212.75,212.75,54,1.75,78.4812
213.0,213.0,54,2.0,78.575
214.0,214.0,54,3.0,78.95
216.0,216.0,55,1.0,79.62
216.5,216.5,55,1.5,79.8075
216.75,216.75,55,1.75,79.9012
217.0,217.0,55,2.0,79.995
218.0,218.0,55,3.0,80.37
218.5,218.5,55,3.5,81.1125
218.75,218.75,55,3.75,81.2712
219.0,219.0,55,4.0,81.365
220.0,220.0,56,1.0,81.8
220.25,220.25,56,1.25,81.8938
220.5,220.5,56,1.5,81.9875
220.75,220.75,56,1.75,82.0812
221.0,221.0,56,2.0,82.175
221.5,221.5,56,2.5,82.3625
222.0,222.0,56,3.0,82.55
222.5,222.5,56,3.5,82.7375
223.0,223.0,56,4.0,82.925
223.5,223.5,56,4.5,83.0842
224.0,224.0,57,1.0,83.24
224.5,224.5,57,1.5,83.4275
225.0,225.0,57,2.0,83.615
225.5,225.5,57,2.5,83.8025
226.0,226.0,57,3.0,83.99
226.5,226.5,57,3.5,84.1775
227.0,227.0,57,4.0,84.365
227.5,227.5,57,4.5,84.5525
228.0,228.0,58,1.0,84.74
228.5,228.5,58,1.5,84.9475
229.0,229.0,58,2.0,85.235
229.5,229.5,58,2.5,85.4425
230.0,230.0,58,3.0,85.65
230.5,230.5,58,3.5,85.8375
231.0,231.0,58,4.0,86.025
231.5,231.5,58,4.5,86.2125
232.0,232.0,59,1.0,86.4
232.5,232.5,59,1.5,86.5875
233.0,233.0,59,2.0,86.775
233.5,233.5,59,2.5,86.9625
234.0,234.0,59,3.0,87.15
234.5,234.5,59,3.5,87.3375
235.0,235.0,59,4.0,87.525
235.5,235.5,59,4.5,87.7725
236.0,236.0,60,1.0,87.96
236.5,236.5,60,1.5,88.1475
237.0,237.0,60,2.0,88.335
237.5,237.5,60,2.5,88.5225
238.0,238.0,60,3.0,88.71
238.5,238.5,60,3.5,88.8975
239.0,239.0,60,4.0,89.085
239.5,239.5,60,4.5,89.2725
240.0,240.0,61,1.0,89.46
240.5,240.5,61,1.5,89.6675
241.0,241.0,61,2.0,89.855
241.5,241.5,61,2.5,90.0425
242.0,242.0,61,3.0,90.25
242.5,242.5,61,3.5,90.4575
243.0,243.0,61,4.0,90.745
243.5,243.5,61,4.5,90.965
244.0,244.0,62,1.0,91.16
246.0,246.0,62,3.0,91.91
248.0,248.0,63,1.0,92.66
250.0,250.0,63,3.0,93.41
252.0,252.0,64,1.0,94.16
252.25,252.25,64,1.25,94.2538
252.5,252.5,64,1.5,94.3475
252.75,252.75,64,1.75,94.4412
253.0,253.0,64,2.0,94.535
253.25,253.25,64,2.25,94.6288
253.5,253.5,64,2.5,94.7225
253.75,253.75,64,2.75,94.8162
254.0,254.0,64,3.0,94.91
254.25,254.25,64,3.25,95.0038
254.5,254.5,64,3.5,95.0975
254.75,254.75,64,3.75,95.1912
255.0,255.0,64,4.0,95.285
255.25,255.25,64,4.25,95.3788
255.5,255.5,64,4.5,95.4725
255.75,255.75,64,4.75,95.5662
256.0,256.0,65,1.0,95.66
256.25,256.25,65,1.25,95.7538
256.5,256.5,65,1.5,95.8475
256.75,256.75,65,1.75,95.9412
257.0,257.0,65,2.0,96.035
257.25,257.25,65,2.25,96.1288
257.5,257.5,65,2.5,96.2225
257.75,257.75,65,2.75,96.3162
258.0,258.0,65,3.0,96.41
258.25,258.25,65,3.25,96.5038
258.5,258.5,65,3.5,96.5975
258.75,258.75,65,3.75,96.6912
259.0,259.0,65,4.0,96.785
259.25,259.25,65,4.25,96.8788
259.5,259.5,65,4.5,96.9725
259.75,259.75,65,4.75,97.0662
260.0,260.0,66,1.0,97.16
260.5,260.5,66,1.5,97.3475
261.0,261.0,66,2.0,97.535
261.5,261.5,66,2.5,97.7225
262.0,262.0,66,3.0,97.91
262.5,262.5,66,3.5,98.0975
263.0,263.0,66,4.0,98.285
263.5,263.5,66,4.5,98.4725
264.0,264.0,67,1.0,98.66
264.5,264.5,67,1.5,98.8475
265.0,265.0,67,2.0,99.035
265.5,265.5,67,2.5,99.2225
266.0,266.0,67,3.0,99.41
266.5,266.5,67,3.5,99.5975
267.0,267.0,67,4.0,99.785
267.5,267.5,67,4.5,99.9725
268.0,268.0,68,1.0,100.16
268.2,268.2,68,1.2,100.235
268.25,268.25,68,1.25,100.2538
268.4,268.4,68,1.4,100.31
268.5,268.5,68,1.5,100.3475
268.6,268.6,68,1.6,100.385
268.75,268.75,68,1.75,100.4412
268.8,268.8,68,1.8,100.46
269.0,269.0,68,2.0,100.535
269.2,269.2,68,2.2,100.61
269.25,269.25,68,2.25,100.6288
269.4,269.4,68,2.4,100.685
269.5,269.5,68,2.5,100.7225
269.6,269.6,68,2.6,100.76
269.75,269.75,68,2.75,100.8162
269.8,269.8,68,2.8,100.835
270.0,270.0,68,3.0,100.91
270.2,270.2,68,3.2,100.985
270.25,270.25,68,3.25,101.0038
270.4,270.4,68,3.4,101.06
270.5,270.5,68,3.5,101.0975
270.6,270.6,68,3.6,101.135
270.75,270.75,68,3.75,101.1912
270.8,270.8,68,3.8,101.21
271.0,271.0,68,4.0,101.285
271.2,271.2,68,4.2,101.36
271.25,271.25,68,4.25,101.3788
271.4,271.4,68,4.4,101.435
271.5,271.5,68,4.5,101.4725
271.6,271.6,68,4.6,101.51
271.75,271.75,68,4.75,101.5662
271.8,271.8,68,4.8,101.585
272.0,272.0,69,1.0,101.66
272.2,272.2,69,1.2,101.735
272.25,272.25,69,1.25,101.7538
272.4,272.4,69,1.4,101.81
272.5,272.5,69,1.5,101.8475
272.6,272.6,69,1.6,101.885
272.75,272.75,69,1.75,101.9412
272.8,272.8,69,1.8,101.96
273.0,273.0,69,2.0,102.035
273.2,273.2,69,2.2,102.11
273.25,273.25,69,2.25,102.1288
273.4,273.4,69,2.4,102.185
273.5,273.5,69,2.5,102.2225
273.6,273.6,69,2.6,102.26
273.75,273.75,69,2.75,102.3162
273.8,273.8,69,2.8,102.335
274.0,274.0,69,3.0,102.41
274.2,274.2,69,3.2,102.485
274.25,274.25,69,3.25,102.5038
274.4,274.4,69,3.4,102.64
274.5,274.5,69,3.5,102.6775
274.6,274.6,69,3.6,102.715
274.75,274.75,69,3.75,102.7712
274.8,274.8,69,3.8,102.79
275.0,275.0,69,4.0,102.865
275.2,275.2,69,4.2,102.94
275.25,275.25,69,4.25,102.9588
275.4,275.4,69,4.4,103.015
275.5,275.5,69,4.5,103.0525
275.6,275.6,69,4.6,103.09
275.75,275.75,69,4.75,103.1462
275.8,275.8,69,4.8,103.165
276.0,276.0,70,1.0,103.24
276.5,276.5,70,1.5,103.4275
277.0,277.0,70,2.0,103.615
277.5,277.5,70,2.5,103.8025
278.0,278.0,70,3.0,103.99
278.5,278.5,70,3.5,104.1775
279.0,279.0,70,4.0,104.365
279.5,279.5,70,4.5,104.5525
280.0,280.0,71,1.0,104.74
280.5,280.5,71,1.5,104.9275
281.0,281.0,71,2.0,105.115
281.5,281.5,71,2.5,105.3025
282.0,282.0,71,3.0,105.49
282.5,282.5,71,3.5,105.6775
283.0,283.0,71,4.0,105.865
283.5,283.5,71,4.5,106.0525
284.0,284.0,72,1.0,106.24
284.2,284.2,72,1.2,106.315
284.25,284.25,72,1.25,106.3338
284.4,284.4,72,1.4,106.39
284.5,284.5,72,1.5,106.4275
284.6,284.6,72,1.6,106.465
284.75,284.75,72,1.75,106.5206
284.8,284.8,72,1.8,106.53
285.0,285.0,72,2.0,106.595
285.2,285.2,72,2.2,106.67
285.25,285.25,72,2.25,106.6888
285.4,285.4,72,2.4,106.745
285.5,285.5,72,2.5,106.7825
285.6,285.6,72,2.6,106.82
285.75,285.75,72,2.75,106.8762
285.8,285.8,72,2.8,106.895
286.0,286.0,72,3.0,106.97
286.2,286.2,72,3.2,107.045
286.25,286.25,72,3.25,107.079
286.4,286.4,72,3.4,107.24
286.5,286.5,72,3.5,107.2775
286.6,286.6,72,3.6,107.315
286.75,286.75,72,3.75,107.3712
286.8,286.8,72,3.8,107.39
287.0,287.0,72,4.0,107.465
287.2,287.2,72,4.2,107.54
287.25,287.25,72,4.25,107.5588
287.4,287.4,72,4.4,107.655
287.5,287.5,72,4.5,107.6925
287.6,287.6,72,4.6,107.73
287.75,287.75,72,4.75,107.7862
287.8,287.8,72,4.8,107.805
288.0,288.0,73,1.0,107.88
288.2,288.2,73,1.2,107.955
288.25,288.25,73,1.25,107.9738
288.4,288.4,73,1.4,108.33
288.5,288.5,73,1.5,108.3875
288.6,288.6,73,1.6,108.425
288.75,288.75,73,1.75,108.4812
288.8,288.8,73,1.8,108.5
289.0,289.0,73,2.0,108.575
289.2,289.2,73,2.2,108.65
289.25,289.25,73,2.25,108.6688
289.4,289.4,73,2.4,109.145
289.5,289.5,73,2.5,109.1825
289.6,289.6,73,2.6,109.22
289.75,289.75,73,2.75,109.2762
289.8,289.8,73,2.8,109.295
290.0,290.0,73,3.0,109.37
290.2,290.2,73,3.2,109.705
290.25,290.25,73,3.25,109.7238
290.4,290.4,73,3.4,109.78
290.5,290.5,73,3.5,109.8175
290.6,290.6,73,3.6,109.855
290.75,290.75,73,3.75,109.9112
290.8,290.8,73,3.8,109.93
291.0,291.0,73,4.0,110.005
291.2,291.2,73,4.2,110.08
291.25,291.25,73,4.25,110.0988
291.4,291.4,73,4.4,110.155
291.5,291.5,73,4.5,110.1925
291.6,291.6,73,4.6,110.23
291.75,291.75,73,4.75,110.2924
291.8,291.8,73,4.8,110.325
292.0,292.0,74,1.0,110.4
292.2,292.2,74,1.2,110.475
292.25,292.25,74,1.25,110.4938
292.4,292.4,74,1.4,110.55
292.5,292.5,74,1.5,110.5875
292.6,292.6,74,1.6,110.625
292.75,292.75,74,1.75,110.6812
292.8,292.8,74,1.8,110.7
293.0,293.0,74,2.0,110.775
293.2,293.2,74,2.2,110.85
293.25,293.25,74,2.25,110.8688
293.4,293.4,74,2.4,110.925
293.5,293.5,74,2.5,110.9625
293.6,293.6,74,2.6,111.0
293.75,293.75,74,2.75,111.0562
293.8,293.8,74,2.8,111.075
294.0,294.0,74,3.0,111.15
294.2,294.2,74,3.2,111.225
294.25,294.25,74,3.25,111.2438
294.4,294.4,74,3.4,111.3
294.5,294.5,74,3.5,111.3375
294.6,294.6,74,3.6,111.375
294.75,294.75,74,3.75,111.4312
294.8,294.8,74,3.8,111.45
295.0,295.0,74,4.0,111.525
295.2,295.2,74,4.2,111.6
295.25,295.25,74,4.25,111.6188
295.4,295.4,74,4.4,111.675
295.5,295.5,74,4.5,111.7125
295.6,295.6,74,4.6,111.75
295.75,295.75,74,4.75,111.8062
295.8,295.8,74,4.8,111.825
296.0,296.0,75,1.0,111.9
296.2,296.2,75,1.2,111.975
296.25,296.25,75,1.25,111.9938
296.4,296.4,75,1.4,112.05
296.5,296.5,75,1.5,112.0875
296.6,296.6,75,1.6,112.125
296.75,296.75,75,1.75,112.1812
296.8,296.8,75,1.8,112.2
297.0,297.0,75,2.0,112.275
297.2,297.2,75,2.2,112.35
297.25,297.25,75,2.25,112.3688
297.4,297.4,75,2.4,112.425
297.5,297.5,75,2.5,112.4625
297.6,297.6,75,2.6,112.5
297.75,297.75,75,2.75,112.5562
297.8,297.8,75,2.8,112.575
298.0,298.0,75,3.0,112.65
298.2,298.2,75,3.2,112.725
298.25,298.25,75,3.25,112.7438
298.4,298.4,75,3.4,112.8
298.5,298.5,75,3.5,112.8375
298.6,298.6,75,3.6,112.875
298.75,298.75,75,3.75,112.9312
298.8,298.8,75,3.8,112.95
299.0,299.0,75,4.0,113.025
299.2,299.2,75,4.2,113.1
299.25,299.25,75,4.25,113.1188
299.4,299.4,75,4.4,113.175
299.5,299.5,75,4.5,113.2125
299.6,299.6,75,4.6,113.25
299.75,299.75,75,4.75,113.3062
299.8,299.8,75,4.8,113.325
300.0,300.0,76,1.0,113.4
300.2,300.2,76,1.2,113.475
300.25,300.25,76,1.25,113.4938
300.4,300.4,76,1.4,113.55
300.5,300.5,76,1.5,113.5875
300.6,300.6,76,1.6,113.625
300.75,300.75,76,1.75,113.6812
300.8,300.8,76,1.8,113.7
301.0,301.0,76,2.0,113.775
301.2,301.2,76,2.2,113.85
301.25,301.25,76,2.25,113.8688
301.4,301.4,76,2.4,113.925
301.5,301.5,76,2.5,113.9625
301.6,301.6,76,2.6,114.0
301.75,301.75,76,2.75,114.0562
301.8,301.8,76,2.8,114.075
302.0,302.0,76,3.0,114.15
302.2,302.2,76,3.2,114.225
302.25,302.25,76,3.25,114.2438
302.4,302.4,76,3.4,114.3
302.5,302.5,76,3.5,114.3375
302.6,302.6,76,3.6,114.375
302.75,302.75,76,3.75,114.4312
302.8,302.8,76,3.8,114.45
303.0,303.0,76,4.0,114.525
303.2,303.2,76,4.2,114.6
303.25,303.25,76,4.25,114.6188
303.4,303.4,76,4.4,114.675
303.5,303.5,76,4.5,114.7012
303.6,303.6,76,4.6,114.705
303.75,303.75,76,4.75,114.7106
303.8,303.8,76,4.8,114.7125
304.0,304.0,77,1.0,114.72
304.2,304.2,77,1.2,114.795
304.25,304.25,77,1.25,114.8138
304.4,304.4,77,1.4,114.87
304.5,304.5,77,1.5,114.9075
304.6,304.6,77,1.6,114.945
304.75,304.75,77,1.75,115.0012
304.8,304.8,77,1.8,115.02
305.0,305.0,77,2.0,115.095
305.2,305.2,77,2.2,115.17
305.25,305.25,77,2.25,115.1888
305.4,305.4,77,2.4,115.2262
305.5,305.5,77,2.5,115.2356
305.6,305.6,77,2.6,115.26
305.75,305.75,77,2.75,115.3162
305.8,305.8,77,2.8,115.335
306.0,306.0,77,3.0,115.41
306.2,306.2,77,3.2,115.485
306.25,306.25,77,3.25,115.5038
306.4,306.4,77,3.4,115.56
306.5,306.5,77,3.5,115.5975
306.6,306.6,77,3.6,115.635
306.75,306.75,77,3.75,115.6912
306.8,306.8,77,3.8,115.71
307.0,307.0,77,4.0,115.785
307.2,307.2,77,4.2,115.8257
307.25,307.25,77,4.25,115.8284
307.4,307.4,77,4.4,115.8364
307.5,307.5,77,4.5,115.8525
307.6,307.6,77,4.6,115.89
307.75,307.75,77,4.75,115.9462
307.8,307.8,77,4.8,115.965
308.0,308.0,78,1.0,116.04
308.25,308.25,78,1.25,116.1338
308.5,308.5,78,1.5,116.2275
308.75,308.75,78,1.75,116.3212
309.0,309.0,78,2.0,116.415
309.25,309.25,78,2.25,116.5088
309.5,309.5,78,2.5,116.6025
309.75,309.75,78,2.75,116.6962
310.0,310.0,78,3.0,116.79
310.25,310.25,78,3.25,116.8214
310.5,310.5,78,3.5,116.8236
310.75,310.75,78,3.75,116.8257
311.0,311.0,78,4.0,116.8278
311.25,311.25,78,4.25,116.83
311.5,311.5,78,4.5,116.8321
311.75,311.75,78,4.75,116.8342
312.0,312.0,79,1.0,116.8364
312.5,312.5,79,1.5,116.8402
313.0,313.0,79,2.0,116.8416
313.5,313.5,79,2.5,116.843
314.0,314.0,79,3.0,116.8443
314.5,314.5,79,3.5,116.8457
315.0,315.0,79,4.0,116.8471
315.5,315.5,79,4.5,116.8485
316.0,316.0,80,1.0,116.8499
316.5,316.5,80,1.5,116.8512
317.0,317.0,80,2.0,116.8526
317.5,317.5,80,2.5,116.854
318.0,318.0,80,3.0,116.8554
318.5,318.5,80,3.5,116.8567
319.0,319.0,80,4.0,116.8581
319.5,319.5,80,4.5,116.8595
320.0,320.0,81,1.0,116.98
320.5,320.5,81,1.5,117.1675
321.0,321.0,81,2.0,117.355
321.5,321.5,81,2.5,117.5425
322.0,322.0,81,3.0,117.73
322.5,322.5,81,3.5,117.9175
323.0,323.0,81,4.0,118.105
323.5,323.5,81,4.5,118.2925
324.0,324.0,82,1.0,118.48
324.5,324.5,82,1.5,118.6675
325.0,325.0,82,2.0,118.855
325.5,325.5,82,2.5,119.0425
326.0,326.0,82,3.0,119.23
326.5,326.5,82,3.5,119.4175
327.0,327.0,82,4.0,119.605
327.5,327.5,82,4.5,119.7925
328.0,328.0,83,1.0,119.98
328.5,328.5,83,1.5,120.1675
329.0,329.0,83,2.0,120.355
329.5,329.5,83,2.5,120.5425
330.0,330.0,83,3.0,120.73
330.5,330.5,83,3.5,120.9175
331.0,331.0,83,4.0,121.105
331.5,331.5,83,4.5,121.2925
332.0,332.0,84,1.0,121.48
332.5,332.5,84,1.5,121.6675
333.0,333.0,84,2.0,121.855
333.5,333.5,84,2.5,122.0425
334.0,334.0,84,3.0,122.23
334.5,334.5,84,3.5,122.4175
335.0,335.0,84,4.0,122.605
335.5,335.5,84,4.5,122.7925
336.0,336.0,85,1.0,122.98
336.5,336.5,85,1.5,123.1675
337.0,337.0,85,2.0,123.355
337.5,337.5,85,2.5,123.5425
338.0,338.0,85,3.0,123.6383
338.5,338.5,85,3.5,123.8175
339.0,339.0,85,4.0,124.005
339.5,339.5,85,4.5,124.1925
340.0,340.0,86,1.0,124.38
340.5,340.5,86,1.5,124.5675
341.0,341.0,86,2.0,124.655
341.5,341.5,86,2.5,124.7084
342.0,342.0,86,3.0,124.7194
342.5,342.5,86,3.5,124.7865
343.0,343.0,86,4.0,124.799
343.5,343.5,86,4.5,124.9725
344.0,344.0,87,1.0,125.16
344.5,344.5,87,1.5,125.3475
345.0,345.0,87,2.0,125.535
345.5,345.5,87,2.5,125.7225
346.0,346.0,87,3.0,125.91
346.5,346.5,87,3.5,126.0975
347.0,347.0,87,4.0,126.285
347.5,347.5,87,4.5,126.4725
348.0,348.0,88,1.0,126.66
348.5,348.5,88,1.5,126.8475
349.0,349.0,88,2.0,127.035
349.5,349.5,88,2.5,127.2225
350.0,350.0,88,3.0,127.41
350.5,350.5,88,3.5,127.5975
351.0,351.0,88,4.0,127.785
351.5,351.5,88,4.5,127.9725
352.0,352.0,89,1.0,128.16
353.5,353.5,89,2.5,128.7225
354.0,354.0,89,3.0,128.91
355.5,355.5,89,4.5,129.4725
356.0,356.0,90,1.0,129.66
356.5,356.5,90,1.5,129.8475
357.0,357.0,90,2.0,130.015
357.5,357.5,90,2.5,130.1425
358.0,358.0,90,3.0,130.33
358.5,358.5,90,3.5,130.5009
359.0,359.0,90,4.0,130.5108
359.5,359.5,90,4.5,130.5325
360.0,360.0,91,1.0,130.68
361.5,361.5,91,2.5,131.0825
362.0,362.0,91,3.0,131.1244
363.5,363.5,91,4.5,131.1725
364.0,364.0,92,1.0,131.3467
364.5,364.5,92,1.5,131.4338
365.0,365.0,92,2.0,131.595
365.5,365.5,92,2.5,131.7825
366.0,366.0,92,3.0,131.97
366.5,366.5,92,3.5,132.1575
367.0,367.0,92,4.0,132.345
367.5,367.5,92,4.5,132.5214
368.0,368.0,93,1.0,132.56
369.5,369.5,93,2.5,133.1225
370.0,370.0,93,3.0,133.31
371.5,371.5,93,4.5,133.8725
372.0,372.0,94,1.0,134.06
372.5,372.5,94,1.5,134.2475
373.0,373.0,94,2.0,134.435
373.5,373.5,94,2.5,134.6225
374.0,374.0,94,3.0,134.81
374.5,374.5,94,3.5,134.9975
375.0,375.0,94,4.0,135.185
375.5,375.5,94,4.5,135.3725
376.0,376.0,95,1.0,135.56
376.5,376.5,95,1.5,135.7475
377.0,377.0,95,2.0,135.935
378.0,378.0,95,3.0,136.31
378.5,378.5,95,3.5,136.4975
379.0,379.0,95,4.0,136.685
379.5,379.5,95,4.5,136.8725
380.0,380.0,96,1.0,137.06
380.5,380.5,96,1.5,137.2475
381.0,381.0,96,2.0,137.435
381.5,381.5,96,2.5,137.6225
382.0,382.0,96,3.0,137.81
382.5,382.5,96,3.5,137.9975
383.0,383.0,96,4.0,138.185
383.5,383.5,96,4.5,138.3725
384.0,384.0,97,1.0,138.56
384.5,384.5,97,1.5,138.7475
385.0,385.0,97,2.0,138.935
385.5,385.5,97,2.5,139.1225
386.0,386.0,97,3.0,139.31
386.5,386.5,97,3.5,139.4788
387.0,387.0,97,4.0,139.665
387.5,387.5,97,4.5,139.8525
388.0,388.0,98,1.0,140.04
388.5,388.5,98,1.5,140.2275
389.0,389.0,98,2.0,140.415
389.5,389.5,98,2.5,140.6025
390.0,390.0,98,3.0,140.79
390.5,390.5,98,3.5,140.9775
391.0,391.0,98,4.0,141.165
391.5,391.5,98,4.5,141.3325
392.0,392.0,99,1.0,141.52
392.5,392.5,99,1.5,141.7075
393.0,393.0,99,2.0,141.895
394.0,394.0,99,3.0,142.1387
394.5,394.5,99,3.5,142.3175
395.0,395.0,99,4.0,142.505
395.5,395.5,99,4.5,142.6925
396.0,396.0,100,1.0,142.88
396.5,396.5,100,1.5,143.0675
397.0,397.0,100,2.0,143.235
397.5,397.5,100,2.5,143.4225
398.0,398.0,100,3.0,143.61
398.5,398.5,100,3.5,143.7975
399.0,399.0,100,4.0,143.985
399.5,399.5,100,4.5,144.1725
400.0,400.0,101,1.0,144.36
400.5,400.5,101,1.5,144.5475
401.0,401.0,101,2.0,144.735
401.5,401.5,101,2.5,144.9225
402.0,402.0,101,3.0,145.11
402.5,402.5,101,3.5,145.2975
403.0,403.0,101,4.0,145.485
403.5,403.5,101,4.5,145.6725
404.0,404.0,102,1.0,145.86
404.5,404.5,102,1.5,146.0475
405.0,405.0,102,2.0,146.235
405.5,405.5,102,2.5,146.5225
406.0,406.0,102,3.0,146.71
406.5,406.5,102,3.5,146.9175
407.0,407.0,102,4.0,147.105
407.5,407.5,102,4.5,147.2925
408.0,408.0,103,1.0,147.48
408.25,408.25,103,1.25,147.6138
408.5,408.5,103,1.5,147.7075
408.75,408.75,103,1.75,147.8012
409.0,409.0,103,2.0,147.895
410.0,410.0,103,3.0,148.27
412.0,412.0,104,1.0,149.02
412.25,412.25,104,1.25,149.1138
412.5,412.5,104,1.5,149.2075
412.75,412.75,104,1.75,149.3012
413.0,413.0,104,2.0,149.395
414.0,414.0,104,3.0,149.77
416.0,416.0,105,1.0,150.52
416.25,416.25,105,1.25,150.6138
416.5,416.5,105,1.5,150.7075
416.75,416.75,105,1.75,150.8012
417.0,417.0,105,2.0,150.895
418.0,418.0,105,3.0,151.27
420.0,420.0,106,1.0,151.88
420.25,420.25,106,1.25,151.9738
420.5,420.5,106,1.5,152.0675
420.75,420.75,106,1.75,152.1612
421.0,421.0,106,2.0,152.255
422.0,422.0,106,3.0,152.63
422.5,422.5,106,3.5,152.8175
423.0,423.0,106,4.0,153.005
423.2,423.2,106,4.2,153.08
423.25,423.25,106,4.25,153.0988
423.4,423.4,106,4.4,153.155
423.5,423.5,106,4.5,153.1925
423.6,423.6,106,4.6,153.23
423.75,423.75,106,4.75,153.2862
423.8,423.8,106,4.8,153.305
424.0,424.0,107,1.0,153.38
424.2,424.2,107,1.2,153.455
424.25,424.25,107,1.25,153.4738
424.4,424.4,107,1.4,153.53
424.5,424.5,107,1.5,153.5675
424.6,424.6,107,1.6,153.605
424.75,424.75,107,1.75,153.6612
424.8,424.8,107,1.8,153.68
425.0,425.0,107,2.0,153.755
425.2,425.2,107,2.2,153.83
425.25,425.25,107,2.25,153.8488
425.4,425.4,107,2.4,153.905
425.5,425.5,107,2.5,153.9425
425.6,425.6,107,2.6,153.98
425.75,425.75,107,2.75,154.0362
425.8,425.8,107,2.8,154.055
426.0,426.0,107,3.0,154.13
426.2,426.2,107,3.2,154.205
426.25,426.25,107,3.25,154.2238
426.4,426.4,107,3.4,154.28
426.5,426.5,107,3.5,154.3175
426.6,426.6,107,3.6,154.355
426.75,426.75,107,3.75,154.4112
426.8,426.8,107,3.8,154.43
427.0,427.0,107,4.0,154.505
427.2,427.2,107,4.2,154.58
427.25,427.25,107,4.25,154.5988
427.4,427.4,107,4.4,154.655
427.5,427.5,107,4.5,154.6925
427.6,427.6,107,4.6,154.73
427.75,427.75,107,4.75,154.7862
427.8,427.8,107,4.8,154.805
428.0,428.0,108,1.0,154.88
428.2,428.2,108,1.2,154.955
428.25,428.25,108,1.25,154.9738
428.4,428.4,108,1.4,155.03
428.5,428.5,108,1.5,155.0675
428.6,428.6,108,1.6,155.105
428.75,428.75,108,1.75,155.1612
428.8,428.8,108,1.8,155.18
429.0,429.0,108,2.0,155.255
429.2,429.2,108,2.2,155.33
429.25,429.25,108,2.25,155.3488
429.4,429.4,108,2.4,155.405
429.5,429.5,108,2.5,155.4425
429.6,429.6,108,2.6,155.48
429.75,429.75,108,2.75,155.5362
429.8,429.8,108,2.8,155.555
430.0,430.0,108,3.0,155.63
430.2,430.2,108,3.2,155.705
430.25,430.25,108,3.25,155.7238
430.4,430.4,108,3.4,155.78
430.5,430.5,108,3.5,155.8175
430.6,430.6,108,3.6,155.855
430.75,430.75,108,3.75,155.9112
430.8,430.8,108,3.8,155.93
431.0,431.0,108,4.0,156.005
431.2,431.2,108,4.2,156.08
431.25,431.25,108,4.25,156.0988
431.4,431.4,108,4.4,156.1061
431.5,431.5,108,4.5,156.1103
431.6,431.6,108,4.6,156.1144
431.75,431.75,108,4.75,156.1262
431.8,431.8,108,4.8,156.145
432.0,432.0,109,1.0,156.22
432.2,432.2,109,1.2,156.295
432.25,432.25,109,1.25,156.3138
432.4,432.4,109,1.4,156.37
432.5,432.5,109,1.5,156.4075
432.6,432.6,109,1.6,156.445
432.75,432.75,109,1.75,156.5012
432.8,432.8,109,1.8,156.52
433.0,433.0,109,2.0,156.595
433.2,433.2,109,2.2,156.67
433.25,433.25,109,2.25,156.6888
433.4,433.4,109,2.4,156.745
433.5,433.5,109,2.5,156.7825
433.6,433.6,109,2.6,156.82
433.75,433.75,109,2.75,156.8762
433.8,433.8,109,2.8,156.895
434.0,434.0,109,3.0,156.97
434.2,434.2,109,3.2,157.045
434.25,434.25,109,3.25,157.0638
434.4,434.4,109,3.4,157.12
434.5,434.5,109,3.5,157.1575
434.6,434.6,109,3.6,157.195
434.75,434.75,109,3.75,157.2512
434.8,434.8,109,3.8,157.27
435.0,435.0,109,4.0,157.345
435.2,435.2,109,4.2,157.42
435.25,435.25,109,4.25,157.4388
435.4,435.4,109,4.4,157.495
435.5,435.5,109,4.5,157.5325
435.6,435.6,109,4.6,157.57
435.75,435.75,109,4.75,157.6262
435.8,435.8,109,4.8,157.645
436.0,436.0,110,1.0,157.71
436.2,436.2,110,1.2,157.775
436.25,436.25,110,1.25,157.7938
436.4,436.4,110,1.4,157.85
436.5,436.5,110,1.5,157.8875
436.6,436.6,110,1.6,157.925
436.75,436.75,110,1.75,157.9812
436.8,436.8,110,1.8,158.0
437.0,437.0,110,2.0,158.075
437.2,437.2,110,2.2,158.15
437.25,437.25,110,2.25,158.1688
437.4,437.4,110,2.4,158.225
437.5,437.5,110,2.5,158.2625
437.6,437.6,110,2.6,158.3
437.75,437.75,110,2.75,158.3562
437.8,437.8,110,2.8,158.375
438.0,438.0,110,3.0,158.45
438.2,438.2,110,3.2,158.525
438.25,438.25,110,3.25,158.5438
438.4,438.4,110,3.4,158.6
438.5,438.5,110,3.5,158.6375
438.6,438.6,110,3.6,158.675
438.75,438.75,110,3.75,158.7312
438.8,438.8,110,3.8,158.75
439.0,439.0,110,4.0,158.825
439.2,439.2,110,4.2,158.9
439.25,439.25,110,4.25,158.9188
439.4,439.4,110,4.4,158.975
439.5,439.5,110,4.5,159.0125
439.6,439.6,110,4.6,159.05
439.75,439.75,110,4.75,159.1062
439.8,439.8,110,4.8,159.125
440.0,440.0,111,1.0,159.2
440.25,440.25,111,1.25,159.2938
440.5,440.5,111,1.5,159.3875
440.75,440.75,111,1.75,159.4812
441.0,441.0,111,2.0,159.575
441.25,441.25,111,2.25,159.6688
441.5,441.5,111,2.5,159.7625
441.75,441.75,111,2.75,159.8562
442.0,442.0,111,3.0,159.95
442.25,442.25,111,3.25,160.0438
442.5,442.5,111,3.5,160.1375
442.75,442.75,111,3.75,160.2312
443.0,443.0,111,4.0,160.325
443.25,443.25,111,4.25,160.4188
443.5,443.5,111,4.5,160.5125
443.75,443.75,111,4.75,160.6062
444.0,444.0,112,1.0,160.69
446.0,446.0,112,3.0,160.7486
448.0,448.0,113,1.0,160.7606
448.25,448.25,113,1.25,160.7636
448.5,448.5,113,1.5,160.7665
448.75,448.75,113,1.75,160.7694
449.0,449.0,113,2.0,160.7723
449.25,449.25,113,2.25,160.7753
449.5,449.5,113,2.5,160.7782
449.75,449.75,113,2.75,160.8162
450.0,450.0,113,3.0,160.8625
450.25,450.25,113,3.25,160.9038
450.5,450.5,113,3.5,160.9975
450.75,450.75,113,3.75,161.0912
451.0,451.0,113,4.0,161.185
451.25,451.25,113,4.25,161.2788
451.5,451.5,113,4.5,161.3725
451.75,451.75,113,4.75,161.4662
452.0,452.0,114,1.0,161.56
454.0,454.0,114,3.0,162.31
456.0,456.0,115,1.0,163.06
456.25,456.25,115,1.25,163.1538
456.5,456.5,115,1.5,163.2475
456.75,456.75,115,1.75,163.3412
457.0,457.0,115,2.0,163.435
457.25,457.25,115,2.25,163.5288
457.5,457.5,115,2.5,163.6225
457.75,457.75,115,2.75,163.7162
458.0,458.0,115,3.0,163.81
458.25,458.25,115,3.25,163.9038
458.5,458.5,115,3.5,163.9975
458.75,458.75,115,3.75,164.0912
459.0,459.0,115,4.0,164.185
459.25,459.25,115,4.25,164.2788
459.5,459.5,115,4.5,164.3725
459.75,459.75,115,4.75,164.4662
460.0,460.0,116,1.0,164.56
462.0,462.0,116,3.0,165.31
464.0,464.0,117,1.0,166.06
464.25,464.25,117,1.25,166.1538
464.5,464.5,117,1.5,166.2475
464.75,464.75,117,1.75,166.3412
465.0,465.0,117,2.0,166.435
465.25,465.25,117,2.25,166.5244
465.5,465.5,117,2.5,166.6025
465.75,465.75,117,2.75,166.6962
466.0,466.0,117,3.0,166.79
466.25,466.25,117,3.25,166.8838
466.5,466.5,117,3.5,166.9775
466.75,466.75,117,3.75,167.0712
467.0,467.0,117,4.0,167.165
467.25,467.25,117,4.25,167.2588
467.5,467.5,117,4.5,167.3525
467.75,467.75,117,4.75,167.4462
468.0,468.0,118,1.0,167.54
470.0,470.0,118,3.0,168.29
472.0,472.0,119,1.0,169.04
472.5,472.5,119,1.5,169.2275
473.0,473.0,119,2.0,169.415
473.5,473.5,119,2.5,169.6025
474.0,474.0,119,3.0,169.79
474.5,474.5,119,3.5,169.8074
475.0,475.0,119,4.0,169.8152
475.5,475.5,119,4.5,169.8925
476.0,476.0,120,1.0,170.08
476.5,476.5,120,1.5,170.0833
477.0,477.0,120,2.0,170.0867
477.5,477.5,120,2.5,170.09
478.0,478.0,120,3.0,170.0934
478.5,478.5,120,3.5,170.0967
479.0,479.0,120,4.0,170.105
479.5,479.5,120,4.5,170.2202
480.0,480.0,121,1.0,170.2236
480.5,480.5,121,1.5,170.2269
481.0,481.0,121,2.0,170.2303
481.5,481.5,121,2.5,170.2336
482.0,482.0,121,3.0,170.237
482.5,482.5,121,3.5,170.2575
483.0,483.0,121,4.0,170.445
483.5,483.5,121,4.5,170.5466
484.0,484.0,122,1.0,170.56
484.5,484.5,122,1.5,170.7475
485.0,485.0,122,2.0,170.7627
485.5,485.5,122,2.5,170.7657
486.0,486.0,122,3.0,170.7686
486.5,486.5,122,3.5,170.7715
487.0,487.0,122,4.0,170.7745
487.5,487.5,122,4.5,170.7774
488.0,488.0,123,1.0,170.8
488.5,488.5,123,1.5,170.9875
489.0,489.0,123,2.0,171.022
489.5,489.5,123,2.5,171.0245
490.0,490.0,123,3.0,171.027
490.5,490.5,123,3.5,171.0294
491.0,491.0,123,4.0,171.0319
491.5,491.5,123,4.5,171.0344
492.0,492.0,124,1.0,171.0368
492.5,492.5,124,1.5,171.0393
493.0,493.0,124,2.0,171.175
493.5,493.5,124,2.5,171.3608
494.0,494.0,124,3.0,171.51
494.5,494.5,124,3.5,171.6975
495.0,495.0,124,4.0,171.8802
495.5,495.5,124,4.5,171.8896
496.0,496.0,125,1.0,171.899
496.5,496.5,125,1.5,172.0218
497.0,497.0,125,2.0,172.0343
497.5,497.5,125,2.5,172.1425
498.0,498.0,125,3.0,172.1818
498.5,498.5,125,3.5,172.1928
499.0,499.0,125,4.0,172.265
499.5,499.5,125,4.5,172.2908
500.0,500.0,126,1.0,172.34
500.5,500.5,126,1.5,172.5275
501.0,501.0,126,2.0,172.715
501.5,501.5,126,2.5,172.9025
502.0,502.0,126,3.0,173.09
502.5,502.5,126,3.5,173.2775
503.0,503.0,126,4.0,173.465
503.5,503.5,126,4.5,173.6525
504.0,504.0,127,1.0,173.84
504.5,504.5,127,1.5,174.0275
505.0,505.0,127,2.0,174.215
505.5,505.5,127,2.5,174.4025
506.0,506.0,127,3.0,174.59
506.5,506.5,127,3.5,174.7775
507.0,507.0,127,4.0,174.965
507.5,507.5,127,4.5,175.1525
508.0,508.0,128,1.0,175.34
508.5,508.5,128,1.5,175.5075
509.0,509.0,128,2.0,175.5497
509.5,509.5,128,2.5,175.5825
510.0,510.0,128,3.0,175.77
510.5,510.5,128,3.5,175.9575
511.0,511.0,128,4.0,176.145
511.5,511.5,128,4.5,176.3325
512.0,512.0,129,1.0,176.52
512.5,512.5,129,1.5,176.7075
513.0,513.0,129,2.0,176.895
513.5,513.5,129,2.5,177.0825
514.0,514.0,129,3.0,177.27
514.5,514.5,129,3.5,177.4575
515.0,515.0,129,4.0,177.645
515.5,515.5,129,4.5,177.8325
516.0,516.0,130,1.0,178.02
517.0,517.0,130,2.0,178.1045
518.0,518.0,130,3.0,178.1103
519.0,519.0,130,4.0,178.1161
520.0,520.0,131,1.0,178.24
521.0,521.0,131,2.0,178.615
522.0,522.0,131,3.0,178.99
523.0,523.0,131,4.0,179.365
524.0,524.0,132,1.0,179.74
525.0,525.0,132,2.0,180.115
526.0,526.0,132,3.0,180.49
527.0,527.0,132,4.0,180.865
528.0,528.0,133,1.0,181.24
529.0,529.0,133,2.0,181.615
530.0,530.0,133,3.0,181.99
531.0,531.0,133,4.0,182.365
532.0,532.0,134,1.0,182.76
533.0,533.0,134,2.0,183.135
534.0,534.0,134,3.0,183.53
535.0,535.0,134,4.0,183.905
536.0,536.0,135,1.0,184.28
537.0,537.0,135,2.0,184.655
538.0,538.0,135,3.0,185.03
539.0,539.0,135,4.0,185.405
540.0,540.0,136,1.0,185.8
542.0,542.0,136,3.0,186.57
544.0,544.0,137,1.0,186.795
544.25,544.25,137,1.25,186.7976
544.5,544.5,137,1.5,186.8
544.75,544.75,137,1.75,186.8002
545.0,545.0,137,2.0,186.8004
545.25,545.25,137,2.25,186.8007
545.5,545.5,137,2.5,186.8009
545.75,545.75,137,2.75,186.8011
546.0,546.0,137,3.0,186.8013
546.25,546.25,137,3.25,186.8015
546.5,546.5,137,3.5,186.8017
546.75,546.75,137,3.75,186.8019
547.0,547.0,137,4.0,186.8022
547.25,547.25,137,4.25,186.8024
547.5,547.5,137,4.5,186.8026
547.75,547.75,137,4.75,186.8028
548.0,548.0,138,1.0,186.803
550.0,550.0,138,3.0,186.8047
552.0,552.0,139,1.0,186.8065
552.25,552.25,139,1.25,186.8067
552.5,552.5,139,1.5,186.8069
552.75,552.75,139,1.75,186.8071
553.0,553.0,139,2.0,186.8073
553.25,553.25,139,2.25,186.8075
553.5,553.5,139,2.5,186.8077
553.75,553.75,139,2.75,186.808
554.0,554.0,139,3.0,186.8082
554.25,554.25,139,3.25,186.8084
554.5,554.5,139,3.5,186.8086
554.75,554.75,139,3.75,186.8088
555.0,555.0,139,4.0,186.809
555.25,555.25,139,4.25,186.8092
555.5,555.5,139,4.5,186.8095
555.75,555.75,139,4.75,186.8097
556.0,556.0,140,1.0,186.8099
557.5,557.5,140,2.5,186.8112
557.75,557.75,140,2.75,186.8114
558.0,558.0,140,3.0,186.8116
560.0,560.0,141,1.0,186.8133
560.25,560.25,141,1.25,186.8135
560.5,560.5,141,1.5,186.8137
560.75,560.75,141,1.75,186.814
561.0,561.0,141,2.0,186.8142
561.25,561.25,141,2.25,186.8144
561.5,561.5,141,2.5,186.8146
561.75,561.75,141,2.75,186.8148
562.0,562.0,141,3.0,186.815
562.25,562.25,141,3.25,186.8152
562.5,562.5,141,3.5,186.8155
562.75,562.75,141,3.75,186.8157
563.0,563.0,141,4.0,186.8159
563.25,563.25,141,4.25,186.8161
563.5,563.5,141,4.5,186.8163
563.75,563.75,141,4.75,186.8165
564.0,564.0,142,1.0,186.8168
566.0,566.0,142,3.0,186.8185
568.0,568.0,143,1.0,186.9
568.25,568.25,143,1.25,186.9938
568.5,568.5,143,1.5,187.0875
568.75,568.75,143,1.75,187.1812
569.0,569.0,143,2.0,187.275
569.25,569.25,143,2.25,187.3688
569.5,569.5,143,2.5,187.4625
569.75,569.75,143,2.75,187.5562
570.0,570.0,143,3.0,187.65
570.25,570.25,143,3.25,187.7438
570.5,570.5,143,3.5,187.8375
570.75,570.75,143,3.75,187.9312
571.0,571.0,143,4.0,188.025
571.25,571.25,143,4.25,188.1188
571.5,571.5,143,4.5,188.2125
571.75,571.75,143,4.75,188.3062
572.0,572.0,144,1.0,188.4
572.25,572.25,144,1.25,188.4938
572.5,572.5,144,1.5,188.5875
572.75,572.75,144,1.75,188.6812
573.0,573.0,144,2.0,188.775
573.25,573.25,144,2.25,188.8688
573.5,573.5,144,2.5,188.9625
573.75,573.75,144,2.75,189.0562
574.0,574.0,144,3.0,189.1433
574.25,574.25,144,3.25,189.2038
574.5,574.5,144,3.5,189.2975
574.75,574.75,144,3.75,189.3247
575.0,575.0,144,4.0,189.331
575.25,575.25,144,4.25,189.3373
575.5,575.5,144,4.5,189.3925
575.75,575.75,144,4.75,189.4862
576.0,576.0,145,1.0,189.58
576.25,576.25,145,1.25,189.6738
576.5,576.5,145,1.5,189.7675
576.75,576.75,145,1.75,189.8612
577.0,577.0,145,2.0,189.955
577.25,577.25,145,2.25,190.0488
577.5,577.5,145,2.5,190.2025
577.75,577.75,145,2.75,190.2962
578.0,578.0,145,3.0,190.39
578.25,578.25,145,3.25,190.4838
578.5,578.5,145,3.5,190.5775
578.75,578.75,145,3.75,190.6712
579.0,579.0,145,4.0,190.765
579.25,579.25,145,4.25,190.8588
579.5,579.5,145,4.5,190.9525
579.75,579.75,145,4.75,191.0462
580.0,580.0,146,1.0,191.14
582.0,582.0,146,3.0,191.3902
584.0,584.0,147,1.0,191.66
586.0,586.0,147,3.0,192.27
588.0,588.0,148,1.0,192.88
590.0,590.0,148,3.0,193.43
592.0,592.0,149,1.0,194.02
592.25,592.25,149,1.25,194.1138
592.5,592.5,149,1.5,194.2075
592.75,592.75,149,1.75,194.3012
593.0,593.0,149,2.0,194.383
593.25,593.25,149,2.25,194.4088
593.5,593.5,149,2.5,194.5025
593.75,593.75,149,2.75,194.5962
594.0,594.0,149,3.0,194.675
594.25,594.25,149,3.25,194.7038
594.5,594.5,149,3.5,194.7788
594.75,594.75,149,3.75,194.8712
595.0,595.0,149,4.0,194.965
595.25,595.25,149,4.25,195.0588
595.5,595.5,149,4.5,195.1048
595.75,595.75,149,4.75,195.1133
596.0,596.0,150,1.0,195.14
598.0,598.0,150,3.0,195.71
598.25,598.25,150,3.25,195.8038
598.5,598.5,150,3.5,195.8975
598.75,598.75,150,3.75,195.9912
599.0,599.0,150,4.0,196.0308
599.25,599.25,150,4.25,196.0788
599.5,599.5,150,4.5,196.1562
599.75,599.75,150,4.75,196.2031
600.0,600.0,151,1.0,196.28
602.0,602.0,151,3.0,197.85
604.0,604.0,152,1.0,198.561
606.0,606.0,152,3.0,198.5788
608.0,608.0,153,1.0,199.28
608.5,608.5,153,1.5,199.4675
608.75,608.75,153,1.75,199.5612
609.0,609.0,153,2.0,199.655
609.3333,609.3333,153,2.3333,199.78
609.6667,609.6667,153,2.6667,199.905
610.0,610.0,153,3.0,200.03
612.0,612.0,154,1.0,200.78
612.5,612.5,154,1.5,200.9675
613.0,613.0,154,2.0,201.155
613.5,613.5,154,2.5,201.3425
614.0,614.0,154,3.0,201.53
614.5,614.5,154,3.5,201.7175
615.0,615.0,154,4.0,201.905
615.5,615.5,154,4.5,202.0925
616.0,616.0,155,1.0,202.1164
616.5,616.5,155,1.5,202.2675
617.0,617.0,155,2.0,202.375
617.5,617.5,155,2.5,202.5625
618.0,618.0,155,3.0,202.75
618.5,618.5,155,3.5,202.9375
619.0,619.0,155,4.0,203.1012
619.5,619.5,155,4.5,203.2325
