score_qstamp,qstamp,measure,beat,736441_tstamp,729167_tstamp,711707_tstamp,723421_tstamp,RNS_tstamp,measure_fraction,label,part,part_num,instrument
0.0,0.0,1,3.875,2.58,2.38,2.44,2.62,8.78,0.0,a,Ob 1,2,Ob
10.625,10.625,5,2.5,22.5386,19.973,21.4586,21.4986,27.4786,0.5,a,Fl 1,0,Fl
12.0,12.0,5,3.875,24.8229,22.1229,23.7629,23.6429,29.4429,0.9583,a,Vln 1,13,Vln
21.125,21.125,9,1.0,42.2386,36.5586,37.7786,39.2986,44.6972,0.0,a,Vln 1,13,Vln
25.0,25.0,10,1.875,49.7143,43.0343,44.3143,46.8743,51.1943,0.2917,a,Ob 1,2,Ob
26.625,26.625,10,3.5,52.1157,45.4557,46.8471,49.2557,53.8527,0.8333,a,Fl 1,0,Fl
28.0,28.0,11,1.875,55.56,47.8,49.36,51.88,56.44,0.2917,a,Ob 1,2,Ob
29.625,29.625,11,3.5,57.9814,50.2214,51.7414,54.4014,59.1014,0.8333,a,Fl 1,0,Fl
31.0,31.0,12,1.875,61.0657,52.4657,54.3057,57.0257,61.5457,0.2917,a,Ob 1,2,Ob
33.125,33.125,13,1.0,64.4814,55.8414,57.4614,60.5414,65.1014,0.0,b,Vln 1,13,Vln
36.125,36.125,14,1.0,69.2013,60.2871,62.1871,65.0484,69.9871,0.0,b,Fl 1,0,Fl
39.125,39.125,15,1.0,73.8929,64.9258,66.7529,69.5129,74.9129,0.0,b,Vln 1,13,Vln
42.125,42.125,16,1.0,78.5186,69.4186,71.2786,73.9586,79.8386,0.0,b,Fl 1,0,Fl
46.125,46.125,17,2.0,84.8729,75.3529,77.1929,79.8329,86.3729,0.3333,b,Bsn 2,7,Bsn
48.625,48.625,18,1.5,88.7129,79.5443,81.1215,83.5944,90.7043,0.1667,b,Hn 1,8,Hn
49.625,49.625,18,2.5,90.2129,80.9329,82.7129,85.1529,92.1729,0.5,b,Fl 1,0,Fl
51.625,51.625,19,1.5,93.13,83.96,85.8,88.09,95.23,0.1667,b,Ob 1,2,Ob
52.625,52.625,19,2.5,94.5586,85.4786,87.3186,89.6386,96.8386,0.5,b,Bsn 1,6,Bsn
54.625,54.625,20,1.5,97.4557,88.4557,90.4357,92.6357,99.7557,0.1667,b,Hn 1,8,Hn
55.625,55.625,20,2.5,98.9443,89.9443,91.9643,94.3643,101.3443,0.5,b,Ob 1,2,Ob
57.625,57.625,21,1.5,101.7214,92.9614,95.0214,97.2214,104.4814,0.1667,b,Hn 1,8,Hn
58.625,58.625,21,2.5,103.19,94.39,96.45,98.67,106.09,0.5,b,Ob 1,2,Ob
60.625,60.625,22,1.5,105.9271,97.3697,99.4755,101.8871,109.2484,0.1667,b,Hn 1,8,Hn
61.625,61.625,22,2.5,107.3557,98.8678,101.0157,103.4557,110.7557,0.5,b,Ob 1,2,Ob
63.625,63.625,23,1.5,110.1929,101.7729,103.9929,106.4729,113.7929,0.1667,b,Hn 1,8,Hn
64.625,64.625,23,2.5,111.6214,103.2414,105.527,108.0214,115.4014,0.5,b,Fl 1,0,Fl
66.0,66.0,23,3.875,113.7057,105.2857,107.5857,110.1057,117.5057,0.9583,c,Bsn 2,7,Bsn
70.125,70.125,25,2.0,120.7386,111.7786,114.0386,116.9386,125.1586,0.3333,c,Vla,15,Vla
72.2917,72.2917,26,1.1667,124.1817,114.8739,117.2739,120.2339,128.5017,0.0556,c,Vln 1,13,Vln
85.0,85.0,30,1.875,143.1086,134.1072,136.4886,140.1486,149.3086,0.2917,c,Fl 1,0,Fl
86.125,86.125,30,3.0,144.6757,135.6757,138.0957,141.7557,150.9557,0.6667,c,Vln 1,13,Vln
88.0,88.0,31,1.875,147.6143,138.6143,141.1943,144.8343,154.1743,0.2917,c,Fl 1,0,Fl
89.125,89.125,31,3.0,149.2014,140.2214,142.6214,146.4014,155.8014,0.6667,c,Vln 1,13,Vln
91.0,91.0,32,1.875,151.82,142.84,145.3333,149.14,158.82,0.2917,c,Fl 1,0,Fl
92.125,92.125,32,3.0,153.4671,144.5671,147.0471,151.1142,160.8271,0.6667,c,Vln 1,13,Vln
94.0,94.0,33,1.875,156.4057,147.4457,149.9257,153.7457,163.7457,0.2917,c,Fl 1,0,Fl
95.125,95.125,33,3.0,158.1329,149.1129,151.5329,155.9529,165.7929,0.6667,c,Vln 1,13,Vln
99.125,99.125,35,1.0,164.1613,154.8471,157.4284,162.1213,172.0342,0.0,d,Vla,15,Vla
111.125,111.125,38,1.0,168.2871,158.6071,161.5271,166.0271,175.7071,0.0,d,Vln 1,13,Vln
111.125,511.125,38,1.0,291.8454,257.4918,242.074,290.1639,305.7271,0.0,d,Vln 1,13,Vln
115.125,115.125,39,1.0,169.6671,160.0671,162.8471,167.4942,177.0071,0.0,d,Vla,15,Vla
115.125,515.125,39,1.0,291.8474,257.6071,242.2871,290.1652,307.0471,0.0,d,Vla,15,Vla
127.125,127.125,42,1.0,173.6271,163.7671,166.7871,171.5671,180.6471,0.0,d,Ob 1,2,Ob
127.125,527.125,42,1.0,291.8532,257.6267,242.6301,290.1691,310.7071,0.0,d,Ob 1,2,Ob
131.125,131.125,43,1.0,175.0742,165.0071,168.2271,173.1071,181.9671,0.0,d,Vla,15,Vla
131.125,531.125,43,1.0,291.8552,257.6289,242.661,290.1704,312.0471,0.0,d,Vla,15,Vla
135.125,135.125,44,1.0,176.3671,166.2071,169.4271,174.3871,183.1671,0.0,d,Ob 1,2,Ob
135.125,535.125,44,1.0,291.8571,257.6311,242.6828,290.1718,313.2471,0.0,d,Ob 1,2,Ob
151.125,151.125,48,1.0,181.8013,171.3271,174.8071,180.0871,188.2471,0.0,d,Vln 1,13,Vln
151.125,551.125,48,1.0,292.0825,257.6407,242.7014,290.177,318.4671,0.0,d,Vln 1,13,Vln
169.125,169.125,52,3.0,187.9768,176.9671,180.8942,186.3484,193.9671,0.5,d,Cl 1,4,Cl
169.125,569.125,52,3.0,292.1096,257.6863,242.7137,291.2247,324.2071,0.5,d,Cl 1,4,Cl
176.125,176.125,54,2.0,190.3271,179.1071,183.2071,188.6471,196.1671,0.25,d,Vln 1,13,Vln
176.125,576.125,54,2.0,292.1134,257.6889,242.7185,291.5579,326.4671,0.25,d,Vln 1,13,Vln
185.125,185.125,56,3.0,193.4213,181.8471,186.2142,191.7813,199.0542,0.5,d,Cl 1,4,Cl
185.125,585.125,56,3.0,292.1184,257.6922,243.6294,291.7875,329.3742,0.5,d,Cl 1,4,Cl
192.875,192.875,58,2.75,196.0921,184.2321,188.7521,194.3921,201.5521,0.4375,d,Vln 1,13,Vln
192.875,592.875,58,2.75,292.1354,257.695,243.6459,291.8643,331.8921,0.4375,d,Vln 1,13,Vln
194.125,194.125,58,4.0,196.4942,184.6671,189.1871,194.8071,201.9271,0.75,d,Bsn 1,6,Bsn
194.125,594.125,58,4.0,292.1394,257.6955,243.6472,291.8675,332.2671,0.75,d,Bsn 1,6,Bsn
200.875,200.875,60,2.75,198.8521,186.7721,191.3721,197.0921,204.1242,0.4375,d,Vln 1,13,Vln
200.875,600.875,60,2.75,292.4893,257.6979,243.6541,291.9027,334.5321,0.4375,d,Vln 1,13,Vln
202.125,202.125,60,4.0,199.2671,187.1471,191.7471,197.4871,204.5471,0.75,d,Bsn 1,6,Bsn
202.125,602.125,60,4.0,292.6071,257.6984,243.6553,291.9057,334.9071,0.75,d,Bsn 1,6,Bsn
207.125,207.125,62,1.0,200.9671,188.6671,193.5813,199.2271,206.1071,0.0,e,Vln 1,13,Vln
207.125,607.125,62,1.0,293.1871,257.8871,243.7871,291.9177,336.5071,0.0,e,Vln 1,13,Vln
215.625,215.625,64,1.5,203.8171,191.3771,196.4171,202.1171,208.9171,0.125,e,Fl 1,0,Fl
215.625,615.625,64,1.5,293.5,258.9479,244.3195,293.2438,339.2971,0.125,e,Fl 1,0,Fl
224.125,224.125,66,2.0,206.6271,194.0413,199.2071,205.0071,211.5871,0.25,e,Vln 1,13,Vln
224.125,624.125,66,2.0,295.6671,258.9624,244.3247,293.6471,341.9671,0.25,e,Vln 1,13,Vln
232.125,232.125,68,2.0,209.3671,196.5071,201.8471,207.8271,214.2071,0.25,e,Bsn 1,6,Bsn
232.125,632.125,68,2.0,295.8511,258.9759,244.3292,293.7947,344.6071,0.25,e,Bsn 1,6,Bsn
237.625,237.625,69,3.5,211.1971,198.3171,203.6571,209.7171,215.9971,0.625,e,Fl 1,0,Fl
237.625,637.625,69,3.5,296.2771,259.002,244.3323,294.4971,346.3771,0.625,e,Fl 1,0,Fl
247.125,247.125,72,1.0,214.6271,201.3671,206.7871,213.2271,219.2071,0.0,e,Vln 1,13,Vln
247.125,647.125,72,1.0,298.7471,259.0147,244.3377,297.0671,349.6471,0.0,e,Vln 1,13,Vln
255.125,255.125,74,1.0,217.5871,204.0871,209.6271,216.3071,222.0871,0.0,f,Cl 1,4,Cl
255.125,655.125,74,1.0,299.7671,259.5871,244.5271,297.9271,352.4071,0.0,f,Cl 1,4,Cl
271.125,271.125,78,1.0,223.1471,209.2671,215.0342,222.1471,227.0355,0.0,f,Vln 1,13,Vln
271.125,671.125,78,1.0,300.1871,260.8122,244.8044,298.706,357.4884,0.0,f,Vln 1,13,Vln
287.125,287.125,82,1.0,228.8142,214.4013,220.4342,228.0755,232.2342,0.0,f,Fl 1,0,Fl
287.125,687.125,82,1.0,300.9471,261.1197,244.8103,298.7132,362.6671,0.0,f,Fl 1,0,Fl
303.125,303.125,86,1.0,234.3626,219.4871,225.7871,233.8871,237.3955,0.0,f,Fl 1,0,Fl
303.125,703.125,86,1.0,301.5299,261.1534,244.8163,298.766,367.8813,0.0,f,Fl 1,0,Fl
307.125,307.125,87,1.0,235.7213,220.8142,227.2071,235.3342,238.6671,0.0,f,Vln 1,13,Vln
307.125,707.125,87,1.0,301.549,261.1568,244.8177,298.9271,369.1213,0.0,f,Vln 1,13,Vln
315.125,315.125,89,1.0,238.5071,223.3071,229.8471,238.1871,241.2471,0.0,f,Vla,15,Vla
315.125,715.125,89,1.0,301.6871,261.2572,244.8471,300.3671,371.7271,0.0,f,Vla,15,Vla
323.125,323.125,91,1.0,241.6471,225.9471,232.6071,240.9871,243.8871,0.0,f,Vln 1,13,Vln
323.125,723.125,91,1.0,302.0811,261.325,245.0462,301.4049,374.3271,0.0,f,Vln 1,13,Vln
339.125,339.125,95,1.0,247.5671,231.0871,235.1159,246.6071,249.1471,0.0,f,Vln 1,13,Vln
339.125,739.125,95,1.0,302.0999,261.4091,245.0597,301.9071,379.6142,0.0,f,Vln 1,13,Vln
347.125,347.125,97,1.0,250.4871,233.6471,235.1751,249.4671,251.8471,0.0,f,Vln 1,13,Vln
347.125,747.125,97,1.0,303.3471,261.4621,245.1293,302.1668,382.3271,0.0,f,Vln 1,13,Vln
348.875,348.875,97,2.75,251.1921,234.3521,235.2201,250.1321,252.5121,0.4375,f,Ob 1,2,Ob
348.875,748.875,97,2.75,303.4664,261.466,245.1921,302.1692,383.0442,0.4375,f,Ob 1,2,Ob
351.125,351.125,98,1.0,252.1252,235.0471,235.2221,250.9852,253.2013,0.0,f,Vln 1,13,Vln
351.125,751.125,98,1.0,303.477,261.471,245.6828,302.1723,383.7626,0.0,f,Vln 1,13,Vln
352.875,352.875,98,2.75,252.7921,235.4589,235.2237,251.6721,253.8921,0.4375,f,Ob 1,2,Ob
352.875,752.875,98,2.75,303.4808,261.4749,245.6905,302.1747,384.3521,0.4375,f,Ob 1,2,Ob
355.125,355.125,99,1.0,253.5471,236.2942,235.2257,252.4142,254.5671,0.0,f,Vln 1,13,Vln
355.125,755.125,99,1.0,303.4823,261.4799,245.7271,302.1777,385.0271,0.0,f,Vln 1,13,Vln
356.125,356.125,99,2.0,253.9213,236.6342,235.2266,252.7271,254.9142,0.25,f,Ob 1,2,Ob
356.125,756.125,99,2.0,303.483,261.4815,245.7829,302.1791,385.3271,0.25,f,Ob 1,2,Ob
357.125,357.125,99,3.0,254.2471,236.9471,235.2275,253.0613,255.2271,0.5,f,Vln 1,13,Vln
357.125,757.125,99,3.0,303.4837,261.483,245.7868,302.1802,385.6413,0.5,f,Vln 1,13,Vln
358.125,358.125,99,4.0,254.6142,237.2671,235.2284,253.4471,255.5942,0.75,f,Ob 1,2,Ob
358.125,758.125,99,4.0,303.4844,261.4845,245.7906,302.1808,386.0271,0.75,f,Ob 1,2,Ob
359.125,359.125,100,1.0,254.9671,237.5742,235.2292,253.7671,255.9142,0.0,f,Vln 1,13,Vln
359.125,759.125,100,1.0,303.4851,261.4861,245.7944,302.1815,386.3342,0.0,f,Vln 1,13,Vln
360.125,360.125,100,2.0,255.3342,237.9271,235.2301,254.2471,256.2471,0.25,f,Ob 1,2,Ob
360.125,760.125,100,2.0,303.4858,261.4876,245.7983,302.1821,386.7071,0.25,f,Ob 1,2,Ob
361.125,361.125,100,3.0,255.6942,238.2271,235.231,254.5871,256.5471,0.5,f,Vln 1,13,Vln
361.125,761.125,100,3.0,303.4865,261.4891,245.9671,302.1827,387.0142,0.5,f,Vln 1,13,Vln
362.125,362.125,100,4.0,256.0542,238.5671,235.2319,254.8871,256.9542,0.75,f,Ob 1,2,Ob
362.125,762.125,100,4.0,303.4872,261.4906,246.2871,302.1833,387.3742,0.75,f,Ob 1,2,Ob
363.125,363.125,101,1.0,256.3871,238.8871,235.2328,255.1871,257.2671,0.0,f,Vln 1,13,Vln
363.125,763.125,101,1.0,303.4879,261.4922,246.5871,302.1839,387.7071,0.0,f,Vln 1,13,Vln
364.875,364.875,101,2.75,257.1721,239.5721,235.2344,255.9121,258.0121,0.4375,f,Ob 1,2,Ob
364.875,764.875,101,2.75,303.4891,261.4949,247.3205,302.185,388.3721,0.4375,f,Ob 1,2,Ob
367.125,367.125,102,1.0,258.0671,240.2755,235.2364,256.6271,258.7071,0.0,f,Vln 1,13,Vln
367.125,767.125,102,1.0,303.4906,261.4983,248.0871,302.1864,389.0613,0.0,f,Vln 1,13,Vln
368.875,368.875,102,2.75,258.8721,241.0121,235.238,257.4721,259.4521,0.4375,f,Ob 1,2,Ob
368.875,768.875,102,2.75,303.4918,261.58,248.8521,302.1875,389.7921,0.4375,f,Ob 1,2,Ob
374.125,374.125,103,4.0,260.7471,242.5671,235.3018,259.5071,261.1471,0.75,d,Vln 1,13,Vln
374.125,774.125,103,4.0,303.4955,261.5847,250.8071,302.1908,391.5871,0.75,d,Vln 1,13,Vln
394.125,394.125,108,4.0,267.6471,248.7871,235.3147,266.2813,267.5342,0.75,d,Fl 1,0,Fl
394.125,794.125,108,4.0,305.5071,261.6076,257.6471,302.614,397.9071,0.75,d,Fl 1,0,Fl
411.125,411.125,113,1.0,274.0742,254.3871,238.0271,272.2542,273.3071,0.0,d,Vln 2,14,Vln
411.125,811.125,113,1.0,306.2398,264.4671,263.6142,303.1671,403.7871,0.0,d,Vln 2,14,Vln
419.125,419.125,115,1.0,277.0213,255.0644,238.3018,275.0071,275.9071,0.0,d,Vln 1,13,Vln
419.125,819.125,115,1.0,306.4443,265.2671,266.3871,303.6019,406.4271,0.0,d,Vln 1,13,Vln
428.125,428.125,117,2.0,280.3471,255.076,238.3041,278.3071,278.8871,0.25,d,Vln 2,14,Vln
428.125,828.125,117,2.0,306.4495,266.2549,269.5071,303.6348,409.3471,0.25,d,Vln 2,14,Vln
435.125,435.125,119,1.0,282.7342,255.0863,238.3059,280.5671,281.0871,0.0,d,Vln 1,13,Vln
435.125,835.125,119,1.0,306.4536,266.6071,271.9071,303.7236,411.6071,0.0,d,Vln 1,13,Vln
443.125,443.125,121,1.0,285.5071,255.099,238.308,283.3271,283.7471,0.0,d,Fl 1,0,Fl
443.125,843.125,121,1.0,306.4583,267.4071,274.6471,303.7383,414.1671,0.0,d,Fl 1,0,Fl
448.125,448.125,122,2.0,285.9871,255.104,238.3093,284.1639,285.4071,0.25,d,Ob 1,2,Ob
448.125,848.125,122,2.0,306.4619,268.4871,276.4071,304.1871,415.8671,0.25,d,Ob 1,2,Ob
451.125,451.125,123,1.0,286.1471,255.1067,238.31,284.8071,286.4271,0.0,d,Fl 1,0,Fl
451.125,851.125,123,1.0,306.4647,268.7106,277.4071,304.4926,416.8671,0.0,d,Fl 1,0,Fl
456.125,456.125,124,2.0,287.4071,255.1112,238.3113,285.5945,288.0671,0.25,d,Ob 1,2,Ob
456.125,856.125,124,2.0,306.4693,268.814,279.1471,304.5336,418.5271,0.25,d,Ob 1,2,Ob
459.125,459.125,125,1.0,288.011,255.114,238.3121,286.2671,289.0271,0.0,d,Fl 1,0,Fl
459.125,859.125,125,1.0,306.472,269.3071,280.1871,304.5871,419.5071,0.0,d,Fl 1,0,Fl
467.125,467.125,127,1.0,288.9671,255.2871,238.3141,287.9671,291.6271,0.0,d,Fl 1,0,Fl
467.125,867.125,127,1.0,306.4794,271.7471,282.8471,305.1847,422.1071,0.0,d,Fl 1,0,Fl
483.125,483.125,131,1.0,290.0814,256.2616,238.3183,288.7126,296.7871,0.0,d,Fl 1,0,Fl
483.125,883.125,131,1.0,307.7415,276.8671,288.2671,305.6604,427.2671,0.0,d,Fl 1,0,Fl
491.125,491.125,133,1.0,290.7842,256.5402,238.6807,288.7454,299.5071,0.0,d,Fl 1,0,Fl
502.125,502.125,135,4.0,291.841,257.236,241.6871,290.161,302.8671,0.75,d,Vla,15,Vla
503.125,891.125,136,1.0,307.8027,279.5671,291.2413,306.4071,429.9471,0.0,d,Fl 1,0,Fl
510.125,898.125,137,4.0,307.8779,281.7536,293.5471,308.4271,432.1471,0.75,d,Vln 1,13,Vln
513.125,901.125,138,3.0,308.0019,282.7271,294.6871,308.5096,433.2142,0.5,d,Fl 1,0,Fl
515.125,903.125,139,1.0,308.0086,283.4226,295.3723,308.5175,433.8271,0.0,d,Vln 1,13,Vln
517.125,905.125,139,3.0,308.0154,284.0542,296.1471,308.5316,434.4942,0.5,d,Fl 1,0,Fl
526.625,914.625,141,4.5,310.7171,287.0771,299.4371,308.82,437.5971,0.875,d,Vla,15,Vla
530.125,918.125,142,4.0,311.8613,288.1671,300.6271,309.8871,438.6471,0.75,d,Vla,15,Vla
539.125,927.125,145,1.0,314.8871,290.8871,303.7542,312.9671,441.5271,0.0,d,Ob 1,2,Ob
559.125,947.125,150,1.0,321.8871,297.1213,310.4355,319.7613,447.9671,0.0,g,Vln 1,13,Vln
567.125,955.125,152,1.0,324.6071,299.6471,313.1871,322.4884,450.5142,0.0,g,Vla,15,Vla
571.125,959.125,153,1.0,325.9671,300.8671,314.5871,323.8071,451.7471,0.0,g,Vln 1,13,Vln
583.125,971.125,156,1.0,330.0742,304.6342,318.7271,327.8071,455.6071,0.0,g,Vla,15,Vla
587.125,975.125,157,1.0,331.4213,305.9271,320.0671,329.1271,456.8742,0.0,g,Vln 1,13,Vln
595.125,983.125,159,1.0,334.1271,308.4671,322.8213,331.8471,459.4671,0.0,g,Ob 1,2,Ob
599.125,987.125,160,1.0,335.5671,309.6871,324.1884,333.2271,460.7942,0.0,g,Vln 1,13,Vln
603.125,991.125,161,1.0,336.8671,310.9671,325.5471,334.5271,462.0542,0.0,f,Bsn 1,6,Bsn
608.125,996.125,162,2.0,338.5471,312.5671,327.2871,336.2271,463.6271,0.25,d,Fl 1,0,Fl
610.125,998.125,162,4.0,339.2871,313.1671,328.0071,336.8671,464.2871,0.75,d,Vln 1,13,Vln
616.125,1004.125,164,2.0,341.2671,315.0471,330.1871,338.8671,466.3071,0.25,d,Fl 1,0,Fl
618.125,1006.125,164,4.0,341.9671,315.6471,330.7871,339.5271,466.9071,0.75,d,Vln 1,13,Vln
624.125,1012.125,166,2.0,344.0484,317.5271,332.9271,341.5871,468.8871,0.25,d,Fl 1,0,Fl
626.125,1014.125,166,4.0,344.6871,318.1271,333.5471,342.2071,469.5071,0.75,d,Vln 1,13,Vln
628.125,1016.125,167,2.0,345.4271,318.7271,334.3271,342.8471,470.1471,0.25,d,Fl 1,0,Fl
630.125,1018.125,167,4.0,346.0671,319.3471,334.9471,343.4871,470.8471,0.75,d,Vln 1,13,Vln
632.125,1020.125,168,2.0,346.8071,320.0471,335.7271,344.2071,471.5071,0.25,d,Fl 1,0,Fl
634.125,1022.125,168,4.0,347.4271,320.6471,336.3871,344.8471,472.1271,0.75,d,Vln 1,13,Vln
636.125,1024.125,169,2.0,348.1471,321.2471,337.1071,345.5271,472.8071,0.25,d,Fl 1,0,Fl
638.125,1026.125,169,4.0,348.7871,321.8471,337.7671,346.2071,473.4471,0.75,d,Vln 1,13,Vln
639.125,1027.125,170,1.0,349.1271,322.1613,338.1071,346.5271,473.7742,0.0,d,Bsn 1,6,Bsn
655.125,1043.125,174,1.0,354.7555,327.1871,343.6871,352.0813,479.0671,0.0,d,Bsn 1,6,Bsn
658.125,1046.125,174,4.0,355.8271,328.0871,344.7471,353.0671,480.0542,0.75,b,Vln 1,13,Vln
672.125,1060.125,178,2.0,360.6071,332.4671,349.7071,357.8271,484.6471,0.25,d,Bsn 1,6,Bsn
687.125,1075.125,182,1.0,365.7071,337.0671,354.7671,363.0671,489.8271,0.0,d,Ob 1,2,Ob
696.125,1084.125,184,2.0,368.9271,339.9871,358.1671,366.1471,492.5671,0.25,d,Vln 1,13,Vln
703.125,1091.125,186,1.0,371.3413,342.2671,360.7155,368.6071,494.9084,0.0,f,Vln 1,13,Vln
718.125,1106.125,189,4.0,376.5071,346.9671,365.9271,374.1071,499.7071,0.75,f,Fl 1,0,Fl
723.125,1111.125,191,1.0,378.2271,348.5671,367.6142,375.8742,501.2871,0.0,f,Vln 1,13,Vln
727.125,1115.125,192,1.0,379.5271,349.8071,368.9742,377.2671,502.5671,0.0,f,Fl 1,0,Fl
731.125,1119.125,193,1.0,380.8671,351.0071,370.3671,378.6471,503.8071,0.0,f,Vln 1,13,Vln
735.125,1123.125,194,1.0,382.1671,352.2271,371.7471,379.9942,505.0871,0.0,f,Fl 1,0,Fl
739.125,1127.125,195,1.0,383.5471,353.4271,373.1271,381.3871,506.3471,0.0,f,Vln 1,13,Vln
743.125,1131.125,196,1.0,384.8071,354.6471,374.4671,382.7813,507.6542,0.0,f,Fl 1,0,Fl
747.125,1135.125,197,1.0,386.1742,355.8471,375.8271,384.1471,508.9013,0.0,f,Vln 1,13,Vln
751.125,1139.125,198,1.0,387.4471,357.0671,377.1871,385.4871,510.1942,0.0,f,Fl 1,0,Fl
755.125,1143.125,199,1.0,388.7871,358.2471,378.5942,386.9271,511.4213,0.0,f,Vln 1,13,Vln
759.125,1147.125,200,1.0,390.1071,359.4671,380.0452,388.3213,512.7671,0.0,f,Fl 1,0,Fl
768.125,1156.125,202,2.0,393.2871,362.2871,383.0871,391.3871,515.6871,0.25,f,Vln 1,13,Vln
775.125,1163.125,204,1.0,395.6271,364.4071,385.4613,393.8542,517.9471,0.0,f,Vln 1,13,Vln
783.125,1171.125,206,1.0,398.3271,366.8871,388.1671,396.5413,520.5471,0.0,f,Vln 1,13,Vln
791.125,1179.125,208,1.0,401.0271,369.3071,390.8871,399.2271,523.1342,0.0,f,Vln 1,13,Vln
800.875,1188.875,210,2.75,404.2121,372.1721,394.2121,402.4921,526.2121,0.4375,f,Vln 1,13,Vln
802.875,1190.875,210,4.75,404.9321,372.7721,394.8521,403.1121,526.8121,0.9375,f,Fl 1,0,Fl
804.875,1192.875,211,2.75,405.7921,373.4321,395.5521,403.9721,527.5121,0.4375,f,Vln 1,13,Vln
806.875,1194.875,211,4.75,406.3921,374.0321,396.2321,404.5721,528.1121,0.9375,f,Fl 1,0,Fl
808.875,1196.875,212,2.75,407.0521,374.6321,396.9121,405.2721,528.7121,0.4375,f,Vln 1,13,Vln
810.875,1198.875,212,4.75,407.6921,375.2321,397.5321,405.8721,529.3121,0.9375,f,Fl 1,0,Fl
812.875,1200.875,213,2.75,408.5321,375.7944,398.2721,406.6521,530.0521,0.4375,f,Vln 1,13,Vln
814.875,1202.875,213,4.75,409.1321,376.3721,398.8721,407.2521,530.6321,0.9375,f,Fl 1,0,Fl
818.875,1206.875,214,4.75,410.5242,377.6405,400.3321,409.2121,531.8121,0.9375,f,Fl 1,0,Fl
831.125,1219.125,218,1.0,415.1671,381.5471,404.6271,413.0271,535.9342,0.0,b,Hn 1,8,Hn
835.125,1223.125,219,1.0,416.5871,382.7542,406.0439,414.2968,537.2871,0.0,b,Vln 1,13,Vln
839.125,1227.125,220,1.0,418.2071,384.0813,407.3671,415.9071,538.6671,0.0,d,Vla,15,Vla
851.125,1239.125,223,1.0,422.3071,387.5671,411.5271,419.8271,542.3542,0.0,b,Vln 1,13,Vln
855.125,1243.125,224,1.0,423.6871,388.9871,412.8671,421.4271,543.6871,0.0,d,Vla,15,Vla
867.125,1255.125,227,1.0,427.6071,392.5671,416.9071,425.3671,547.3271,0.0,d,Ob 1,2,Ob
871.125,1259.125,228,1.0,429.1426,393.8684,418.2813,426.8471,548.6226,0.0,d,Vla,15,Vla
875.125,1263.125,229,1.0,430.4271,395.1271,419.6471,428.0671,549.8871,0.0,d,Ob 1,2,Ob
892.125,1280.125,233,2.0,436.2542,400.3071,425.5542,433.9871,555.3271,0.25,d,Ob 1,2,Ob
908.125,1296.125,237,2.0,441.6871,405.2471,431.0471,439.4871,560.6071,0.25,e,Vln 1,13,Vln
924.125,1312.125,241,2.0,447.0013,410.1471,436.3271,444.8813,565.6471,0.25,e,Vln 1,13,Vln
931.625,1319.625,243,1.5,449.4771,412.4371,438.7771,447.2771,567.9371,0.125,e,Fl 1,0,Fl
939.125,1327.125,245,1.0,452.0271,414.6742,441.2871,449.8071,570.3871,0.0,e,Fl 1,0,Fl
948.125,1336.125,247,2.0,455.2071,417.4413,444.2471,453.1471,573.3471,0.25,e,Fl 1,0,Fl
955.125,1343.125,249,1.0,457.7871,419.7271,446.7271,455.6871,575.7471,0.0,f,Ob 1,2,Ob
971.125,1359.125,253,1.0,463.1671,424.6471,452.1942,461.4671,580.8271,0.0,f,Vln 1,13,Vln
987.125,1375.125,257,1.0,468.7284,429.6271,457.6142,467.1897,586.0413,0.0,f,Fl 1,0,Fl
1003.125,1391.125,261,1.0,474.1271,434.4871,463.0471,472.9342,591.1671,0.0,f,Fl 1,0,Fl
1007.125,1395.125,262,1.0,475.4271,435.6871,464.4871,474.3071,592.4671,0.0,f,Vln 1,13,Vln
1015.125,1403.125,264,1.0,478.2271,438.1071,467.0942,477.1471,595.0271,0.0,f,Vla,15,Vla
1023.125,1411.125,266,1.0,481.3271,440.6471,469.9471,479.9271,597.7671,0.0,f,Vln 1,13,Vln
1047.125,1435.125,272,1.0,489.8742,447.9671,478.1871,488.2013,605.3471,0.0,f,Vln 1,13,Vln
1048.875,1436.875,272,2.75,490.5921,448.4921,478.8921,488.8242,605.9521,0.4375,f,Fl 1,0,Fl
1051.125,1439.125,273,1.0,491.3813,449.2871,479.5671,489.6613,606.7471,0.0,f,Vln 1,13,Vln
1052.875,1440.875,273,2.75,491.9721,449.7721,480.4721,490.2721,607.3321,0.4375,f,Fl 1,0,Fl
1055.125,1443.125,274,1.0,492.8271,450.4471,481.1471,490.9671,608.0671,0.0,f,Vln 1,13,Vln
1056.125,1444.125,274,2.0,493.1871,450.7471,481.6142,491.2671,608.4342,0.25,f,Fl 1,0,Fl
1057.125,1445.125,274,3.0,493.5555,451.0671,481.9271,491.7226,608.7471,0.5,f,Vln 1,13,Vln
1058.125,1446.125,274,4.0,493.9071,451.3671,482.3471,492.0871,609.0542,0.75,f,Fl 1,0,Fl
1059.125,1447.125,275,1.0,494.2071,451.6813,482.6271,492.4084,609.4271,0.0,f,Vln 1,13,Vln
1060.125,1448.125,275,2.0,494.5871,452.0071,483.0271,492.7871,609.7471,0.25,f,Fl 1,0,Fl
1061.125,1449.125,275,3.0,494.9142,452.3071,483.3271,493.0871,610.0671,0.5,f,Vln 1,13,Vln
1062.125,1450.125,275,4.0,495.2742,452.6271,483.7871,493.4871,610.4271,0.75,f,Fl 1,0,Fl
1063.125,1451.125,276,1.0,495.5871,452.9271,484.0871,493.8013,610.7626,0.0,f,Vln 1,13,Vln
1064.875,1452.875,276,2.75,496.4121,453.5521,484.9363,494.4921,611.3721,0.4375,f,Fl 1,0,Fl
1067.125,1455.125,277,1.0,497.1671,454.2471,485.7271,495.3013,612.2071,0.0,f,Vln 1,13,Vln
1068.875,1456.875,277,2.75,497.8921,454.8121,486.4642,495.8721,612.9121,0.4375,f,Fl 1,0,Fl
1074.125,1462.125,278,4.0,499.7071,456.5271,488.3071,498.3871,614.6671,0.75,d,Vln 1,13,Vln
1094.125,1482.125,283,4.0,506.4742,462.4671,495.2742,504.6271,621.0071,0.75,d,Fl 1,0,Fl
1103.125,1491.125,286,1.0,509.8471,465.2671,498.5671,507.8071,623.9671,0.0,d,Fl 2,1,Fl
1107.125,1495.125,287,1.0,511.2871,466.4671,500.0084,509.2342,625.3071,0.0,d,Fl 1,0,Fl
1114.125,1502.125,288,4.0,513.8271,468.6271,502.4671,511.7071,627.6871,0.75,d,Vln 2,14,Vln
1119.125,1507.125,290,1.0,515.5471,470.1071,504.1471,513.4071,629.2871,0.0,d,Vln 1,13,Vln
1127.125,1515.125,292,1.0,518.4071,472.6071,506.9671,516.2071,631.9071,0.0,d,Vln 2,14,Vln
1135.125,1523.125,294,1.0,521.2471,474.9071,509.6871,518.9955,634.4071,0.0,d,Fl 1,0,Fl
1143.125,1531.125,296,1.0,524.0071,477.3871,512.4871,521.7071,637.0071,0.0,e,Fl 1,0,Fl
1159.125,1547.125,300,1.0,529.5671,482.1871,517.9871,527.3471,642.3436,0.0,e,Fl 1,0,Fl
1167.125,1555.125,302,1.0,532.2871,484.5871,520.6871,530.0871,644.9271,0.0,e,Fl 1,0,Fl
1183.125,1571.125,306,1.0,537.9071,489.4871,526.0871,535.5471,650.1671,0.0,e,Fl 1,0,Fl
1191.125,1579.125,308,1.0,540.7542,492.1271,529.2871,538.4071,652.8271,0.0,d,Ob 1,2,Ob
1200.125,1588.125,310,2.0,543.8271,494.8271,532.3542,541.4142,655.5871,0.25,d,Ob 1,2,Ob
1208.125,1596.125,312,2.0,546.6342,497.3471,535.2271,544.1871,658.3271,0.25,d,Bsn 1,6,Bsn
1215.125,1603.125,314,1.0,548.9871,499.5271,537.5413,546.6071,660.5871,0.0,d,Vln 2,14,Vln
1218.125,1606.125,314,4.0,550.0071,500.4271,538.5471,547.5871,661.6871,0.75,d,Vln 1,13,Vln
1223.125,1611.125,316,1.0,551.6671,501.9471,540.2271,549.3071,663.2671,0.0,d,Vln 2,14,Vln
1226.125,1614.125,316,4.0,552.6942,502.7871,541.3271,550.4071,664.2271,0.75,d,Vln 1,13,Vln
1239.125,1627.125,320,1.0,557.0471,506.7271,545.6671,554.6342,668.4471,0.0,d,Vln 2,14,Vln
1247.125,1635.125,322,1.0,559.8071,509.1671,548.4671,557.4871,671.0871,0.0,d,Fl 1,0,Fl
1250.125,1638.125,322,4.0,560.8871,510.3871,549.7271,558.5671,672.1942,0.75,d,Vln 2,14,Vln
1255.125,1643.125,324,1.0,562.5071,511.6071,551.2471,560.2871,673.7471,0.0,d,Fl 1,0,Fl
1266.125,1654.125,326,4.0,566.4671,514.9471,555.0471,564.1071,677.2471,0.75,d,Ob 1,2,Ob
1271.125,1659.125,328,1.0,568.2471,516.4471,556.8471,565.9471,678.9671,0.0,d,Ob 1,2,Ob
1281.125,1669.125,330,3.0,571.7368,519.4271,560.3471,569.3471,682.2613,0.5,d,Fl 1,0,Fl
1319.125,1707.125,340,1.0,584.9871,530.8871,573.6342,582.0071,694.6671,0.0,d,Fl 1,0,Fl
1335.125,1723.125,344,1.0,590.7471,535.6871,579.2671,587.3071,699.8342,0.0,d,Vln 1,13,Vln
1343.125,1731.125,346,1.0,593.4271,538.0271,581.9871,589.9671,702.3271,0.0,d,Ob 1,2,Ob
1375.125,1763.125,354,1.0,604.0071,547.3471,592.7871,600.6871,712.3871,0.0,d,Vln 1,13,Vln
1378.125,1766.125,354,4.0,604.9284,548.2471,593.8271,601.6271,713.3271,0.75,d,Ob 1,2,Ob
1392.875,1780.875,358,2.75,609.9042,552.5121,599.0121,606.3921,718.0121,0.4375,d,Ob 2,3,Ob
1394.875,1782.875,358,4.75,610.6521,553.1321,599.7321,607.0521,718.6921,0.9375,d,Vln 2,14,Vln
1396.875,1784.875,359,2.75,611.2921,553.7721,600.6321,607.7321,719.3321,0.4375,d,Ob 2,3,Ob
1398.875,1786.875,359,4.75,612.0321,554.3121,601.2321,608.3521,719.9321,0.9375,d,Vln 2,14,Vln
1400.875,1788.875,360,2.75,612.7121,554.8521,602.1442,609.0321,720.6521,0.4375,d,Ob 2,3,Ob
1402.875,1790.875,360,4.75,613.3521,555.4521,602.8121,609.8121,721.2121,0.9375,d,Vln 2,14,Vln
1404.875,1792.875,361,2.75,614.1521,556.0921,603.5921,610.4121,721.8721,0.4375,d,Ob 2,3,Ob
1406.875,1794.875,361,4.75,614.8121,556.6921,604.2721,610.9921,722.5121,0.9375,d,Vln 2,14,Vln
1410.875,1798.875,362,4.75,616.2047,557.9521,605.6805,612.2363,723.8321,0.9375,d,Ob 2,3,Ob
