qstamp,tstamp,measure,beat,Traverso 1,Violin 1,Violin 2,Viola,Soprano 1 solo,Tenor solo,Continuo
0.0,0.0,1,1.0,G5,r,r,r,r,r,G2
0.5,0.3947,1,1.5,F#5,r,r,r,r,r,A2
0.75,0.5921,1,1.75,E5,r,r,r,r,r,A2
1.0,0.7895,1,2.0,D5,r,r,r,r,r,B2
1.5,1.1842,1,2.5,D5,r,r,r,r,r,C3
2.0,1.5789,1,3.0,D5,r,r,r,r,r,B2
2.25,1.7763,1,3.25,C5,r,r,r,r,r,B2
2.5,1.9737,1,3.5,E5,r,r,r,r,r,G3
2.75,2.1711,1,3.75,D5,r,r,r,r,r,G3
3.0,2.3684,1,4.0,C5,r,r,r,r,r,A2
3.25,2.5658,1,4.25,B4,r,r,r,r,r,A2
3.5,2.7632,1,4.5,D5,r,r,r,r,r,F#3
3.75,2.9605,1,4.75,C5,r,r,r,r,r,F#3
4.0,3.1579,2,1.0,C5,G5,D5,D4,r,r,G2
4.5,3.5526,2,1.5,C5,F#5,D5,C4,r,r,A2
4.75,3.75,2,1.75,C5,E5,D5,C4,r,r,A2
5.0,3.9474,2,2.0,B4,D5,D5,D4,r,r,B2
5.25,4.1447,2,2.25,B4,D5,C5,D4,r,r,B2
5.5,4.3421,2,2.5,r,D5,B4,E4,r,r,C3
5.75,4.5395,2,2.75,r,D5,A4,F#4,r,r,C3
6.0,4.7368,2,3.0,r,D5,G4,G4,r,r,B2
6.25,4.9342,2,3.25,r,C5,G4,G4,r,r,B2
6.5,5.1316,2,3.5,r,E5,B4,E4,r,r,G3
6.75,5.3289,2,3.75,r,D5,B4,E4,r,r,G3
7.0,5.5263,2,4.0,r,C5,B4,E4,r,r,A2
7.25,5.7237,2,4.25,r,B4,B4,E4,r,r,A2
7.5,5.9211,2,4.5,r,D5,A4,A4,r,r,F#3
7.75,6.1184,2,4.75,r,C5,A4,A4,r,r,F#3
8.0,6.3158,3,1.0,G5,C5,G4,D4,r,r,G2
8.5,6.7105,3,1.5,F#5,C5,G4,D4,r,r,A2
8.75,6.9079,3,1.75,E5,C5,G4,D4,r,r,A2
9.0,7.1053,3,2.0,D5,B4,G4,D4,r,r,B2
9.25,7.3026,3,2.25,D5,A4,F#4,C4,r,r,B2
9.5,7.5,3,2.5,D5,G4,E4,B3,r,r,C3
9.75,7.6974,3,2.75,D5,F#4,D4,A3,r,r,C3
10.0,7.8947,3,3.0,D5,G4,D5,G3,r,r,B2
10.25,8.0921,3,3.25,C5,G4,D5,G3,r,r,B2
10.5,8.2895,3,3.5,E5,r,r,r,r,r,G3
10.75,8.4868,3,3.75,D5,r,r,r,r,r,G3
11.0,8.6842,3,4.0,C5,C4,F#5,A3,r,r,A2
11.25,8.8816,3,4.25,B4,C4,F#5,A3,r,r,A2
11.5,9.0789,3,4.5,D5,r,r,r,r,r,F#3
11.75,9.2763,3,4.75,C5,r,r,r,r,r,F#3
12.0,9.4737,4,1.0,C5,r,r,r,r,r,G2
12.25,9.6711,4,1.25,C5,D4,D4,D4,r,r,G2
12.5,9.8684,4,1.5,B4,E4,E4,E4,r,r,G2
12.75,10.0658,4,1.75,B4,F#4,F#4,F#4,r,r,G2
13.0,10.2632,4,2.0,B5,G4,G4,G4,r,r,r
13.25,10.4605,4,2.25,A5,G4,G4,G4,r,r,r
13.5,10.6579,4,2.5,C6,E5,r,r,r,r,r
13.75,10.8553,4,2.75,B5,E5,r,r,r,r,r
14.0,11.0526,4,3.0,A5,F#4,F#4,F#4,r,r,r
14.25,11.25,4,3.25,G5,F#4,F#4,F#4,r,r,r
14.5,11.4474,4,3.5,B5,D5,r,r,r,r,r
14.75,11.6447,4,3.75,A5,D5,r,r,r,r,r
15.0,11.8421,4,4.0,G5,E4,E4,E4,r,r,r
15.25,12.0395,4,4.25,F#5,E4,E4,E4,r,r,r
15.5,12.2368,4,4.5,A5,C#5,r,r,r,r,r
15.75,12.4342,4,4.75,G5,C#5,r,r,r,r,r
16.0,12.6316,5,1.0,G5,D5,D4,D4,r,r,r
16.25,12.8289,5,1.25,G5,D5,D4,D4,r,r,A2
16.5,13.0263,5,1.5,G5,D4,r,r,r,r,B2
16.75,13.2237,5,1.75,G5,D4,r,r,r,r,C#3
17.0,13.4211,5,2.0,F#5,r,r,r,r,r,D3
17.25,13.6184,5,2.25,E5,r,r,r,r,r,D3
17.5,13.8158,5,2.5,G5,r,r,r,r,r,B3
17.75,14.0132,5,2.75,F#5,r,r,r,r,r,B3
18.0,14.2105,5,3.0,E5,r,r,r,r,r,C#3
18.25,14.4079,5,3.25,D5,r,r,r,r,r,C#3
18.5,14.6053,5,3.5,F#5,r,r,r,r,r,A3
18.75,14.8026,5,3.75,E5,r,r,r,r,r,A3
19.0,15.0,5,4.0,D5,r,r,r,r,r,B2
19.25,15.1974,5,4.25,C#5,r,r,r,r,r,B2
19.5,15.3947,5,4.5,E5,r,r,r,r,r,G3
19.75,15.5921,5,4.75,D5,r,r,r,r,r,G3
20.0,15.7895,6,1.0,D5,r,r,r,r,r,A3
20.25,15.9868,6,1.25,D5,E4,E4,E4,r,r,A3
20.5,16.1842,6,1.5,D5,F#4,F#4,F#4,r,r,A3
20.75,16.3816,6,1.75,D5,G4,G4,G4,r,r,A3
21.0,16.5789,6,2.0,C#5,A4,A4,A4,r,r,A3
21.25,16.7763,6,2.25,B4,A4,A4,A4,r,r,A3
21.5,16.9737,6,2.5,D5,F#5,r,r,r,r,A3
21.75,17.1711,6,2.75,C#5,F#5,r,r,r,r,A3
22.0,17.3684,6,3.0,B4,G4,G4,G4,r,r,A3
22.25,17.5658,6,3.25,A4,G4,G4,G4,r,r,A3
22.5,17.7632,6,3.5,C#5,E5,r,r,r,r,A3
22.75,17.9605,6,3.75,B4,E5,r,r,r,r,A3
23.0,18.1579,6,4.0,A4,F#4,F#4,F#4,r,r,A3
23.25,18.3553,6,4.25,G4,F#4,F#4,F#4,r,r,A3
23.5,18.5526,6,4.5,B4,D5,r,r,r,r,A3
23.75,18.75,6,4.75,A4,D5,r,r,r,r,A3
24.0,18.9474,7,1.0,A4,C#5,E4,E4,r,r,A3
24.5,19.3421,7,1.5,A4,A4,E4,C#4,r,r,A2
25.0,19.7368,7,2.0,G4,C#5,A4,E4,r,r,r
25.25,19.9342,7,2.25,E5,C#5,A4,E4,r,r,r
25.5,20.1316,7,2.5,C#5,E5,C#5,G4,r,r,r
25.75,20.3289,7,2.75,A4,E5,C#5,G4,r,r,r
26.0,20.5263,7,3.0,A4,E5,C#5,G4,r,r,r
26.5,20.9211,7,3.5,A4,A4,E4,C#4,r,r,r
27.0,21.3158,7,4.0,G4,C#5,A4,E4,r,r,r
27.25,21.5132,7,4.25,E5,C#5,A4,E4,r,r,r
27.5,21.7105,7,4.5,C#5,E5,C#5,G4,r,r,r
27.75,21.9079,7,4.75,A4,E5,C#5,G4,r,r,r
28.0,22.1053,8,1.0,G4,E5,C#5,G4,r,r,A3
28.25,22.3026,8,1.25,E5,E5,C#5,G4,r,r,A3
28.5,22.5,8,1.5,C#5,A4,E4,C#4,r,r,A2
28.75,22.6974,8,1.75,A4,A4,E4,C#4,r,r,A2
29.0,22.8947,8,2.0,G4,C#5,A4,E4,r,r,r
29.25,23.0921,8,2.25,E5,C#5,A4,E4,r,r,r
29.5,23.2895,8,2.5,C#5,E5,C#5,G4,r,r,r
29.75,23.4868,8,2.75,A4,E5,C#5,G4,r,r,r
30.0,23.6842,8,3.0,G4,E5,C#5,D4,r,r,r
30.5,24.0789,8,3.5,G4,D5,A4,F#4,r,r,A2
31.0,24.4737,8,4.0,F#4,r,r,r,r,r,D3
31.25,24.6711,8,4.25,A4,r,r,r,r,r,D3
31.5,24.8684,8,4.5,D5,r,r,r,r,r,F#3
31.75,25.0658,8,4.75,B4,r,r,r,r,r,F#3
32.0,25.2632,9,1.0,G#4,D5,F4,B4,r,r,A3
32.5,25.6579,9,1.5,G#4,C#5,E4,A4,r,r,A2
33.0,26.0526,9,2.0,A4,r,r,r,r,r,r
33.25,26.25,9,2.25,C#5,r,r,r,r,r,r
33.5,26.4474,9,2.5,F#5,r,r,r,r,r,r
33.75,26.6447,9,2.75,D5,r,r,r,r,r,r
34.0,26.8421,9,3.0,G#4,F5,D5,G#4,r,r,r
34.5,27.2368,9,3.5,G#4,E5,C#5,A4,r,r,A2
35.0,27.6316,9,4.0,A4,r,r,r,r,r,C#3
35.25,27.8289,9,4.25,E5,r,r,r,r,r,C#3
35.5,28.0263,9,4.5,A5,r,r,r,r,r,E3
35.75,28.2237,9,4.75,F#5,r,r,r,r,r,E3
36.0,28.4211,10,1.0,F#5,A5,D5,F#4,r,r,A3
36.5,28.8158,10,1.5,F#5,G5,C#5,E4,r,r,A2
37.0,29.2105,10,2.0,G5,r,r,r,r,r,r
37.25,29.4079,10,2.25,A4,r,r,r,r,r,r
37.5,29.6053,10,2.5,C#5,E4,r,r,r,r,r
37.75,29.8026,10,2.75,B4,E4,r,r,r,r,r
38.0,30.0,10,3.0,D5,F#4,r,r,r,r,r
38.25,30.1974,10,3.25,C#5,F#4,r,r,r,r,r
38.5,30.3947,10,3.5,E5,G4,r,r,r,r,r
38.75,30.5921,10,3.75,D5,G4,r,r,r,r,r
39.0,30.7895,10,4.0,F#5,A4,r,r,r,r,r
39.25,30.9868,10,4.25,E5,A4,r,r,r,r,r
39.5,31.1842,10,4.5,G5,B4,r,r,r,r,r
39.75,31.3816,10,4.75,E5,B4,r,r,r,r,r
40.0,31.5789,11,1.0,E5,C#5,r,r,r,r,A3
40.5,31.9737,11,1.5,E5,D5,r,r,r,r,A2
41.0,32.3684,11,2.0,F5,D4,r,r,r,r,r
41.25,32.5658,11,2.25,G#4,D4,r,r,r,r,r
41.5,32.7632,11,2.5,B4,F4,D4,r,r,r,r
41.75,32.9605,11,2.75,A4,F4,D4,r,r,r,r
42.0,33.1579,11,3.0,C#5,G4,E4,r,r,r,r
42.25,33.3553,11,3.25,B4,G4,E4,r,r,r,r
42.5,33.5526,11,3.5,D5,A4,F4,r,r,r,r
42.75,33.75,11,3.75,C#5,A4,F4,r,r,r,r
43.0,33.9474,11,4.0,E5,B4,G4,r,r,r,r
43.25,34.1447,11,4.25,D5,B4,G4,r,r,r,r
43.5,34.3421,11,4.5,F5,C#5,A4,r,r,r,r
43.75,34.5395,11,4.75,E5,C#5,A4,r,r,r,r
44.0,34.7368,12,1.0,G#5,D5,B4,r,r,r,r
44.5,35.1316,12,1.5,G#5,E5,C#5,r,r,r,A3
45.0,35.5263,12,2.0,A5,r,C#4,A3,r,r,E3
45.25,35.7237,12,2.25,A4,r,C#4,A3,r,r,E3
45.5,35.9211,12,2.5,C#5,r,r,r,r,r,A3
45.75,36.1184,12,2.75,E5,r,r,r,r,r,A3
46.0,36.3158,12,3.0,A5,r,E4,C#4,r,r,C#3
46.25,36.5132,12,3.25,E5,r,E4,C#4,r,r,C#3
46.5,36.7105,12,3.5,C#5,r,r,r,r,r,E3
46.75,36.9079,12,3.75,A4,r,r,r,r,r,E3
47.0,37.1053,12,4.0,C#5,r,A4,E4,r,r,A2
47.25,37.3026,12,4.25,E5,r,A4,E4,r,r,A2
47.5,37.5,12,4.5,A5,r,r,r,r,r,C#3
47.75,37.6974,12,4.75,E5,r,r,r,r,r,C#3
48.0,37.8947,13,1.0,D6,A5,E5,A4,r,r,G2
48.5,38.2895,13,1.5,D6,A5,r,r,r,r,A3
49.0,38.6842,13,2.0,C#6,A5,A4,C#5,r,r,E3
49.25,38.8816,13,2.25,A4,A5,A4,C#5,r,r,E3
49.5,39.0789,13,2.5,C#5,A5,r,r,r,r,G3
49.75,39.2763,13,2.75,E5,A5,r,r,r,r,G3
50.0,39.4737,13,3.0,A5,A5,C#5,E5,r,r,C#3
50.25,39.6711,13,3.25,E5,A5,C#5,E5,r,r,C#3
50.5,39.8684,13,3.5,C#5,A5,r,r,r,r,E3
50.75,40.0658,13,3.75,A4,A5,r,r,r,r,E3
51.0,40.2632,13,4.0,C#5,A5,E5,C#5,r,r,A2
51.25,40.4605,13,4.25,E5,A5,E5,C#5,r,r,A2
51.5,40.6579,13,4.5,A5,A5,r,r,r,r,C#3
51.75,40.8553,13,4.75,E5,A5,r,r,r,r,C#3
52.0,41.0526,14,1.0,C#6,A5,E5,A4,r,r,F#2
52.5,41.4474,14,1.5,C#6,A5,r,r,r,r,A3
53.0,41.8421,14,2.0,D6,A5,A4,D5,r,r,F#3
53.25,42.0395,14,2.25,D5,A5,A4,D5,r,r,F#3
53.5,42.2368,14,2.5,F#5,A5,r,r,r,r,A3
53.75,42.4342,14,2.75,A5,A5,r,r,r,r,A3
54.0,42.6316,14,3.0,C5,A5,D5,F#4,r,r,D3
54.5,43.0263,14,3.5,C5,A5,r,r,r,r,F#3
55.0,43.4211,14,4.0,B4,A5,F#5,B4,r,r,B2
55.25,43.6184,14,4.25,D5,A5,F#5,B4,r,r,B2
55.5,43.8158,14,4.5,F#5,A5,r,r,r,r,D3
55.75,44.0132,14,4.75,A5,A5,r,r,r,r,D3
56.0,44.2105,15,1.0,A5,A5,F#5,B4,r,r,E2
56.5,44.6053,15,1.5,A5,G5,r,r,r,r,G3
56.75,44.8026,15,1.75,A5,F#5,r,r,r,r,G3
57.0,45.0,15,2.0,G5,G5,E5,B3,r,r,E3
57.25,45.1974,15,2.25,B4,G5,E5,B3,r,r,E3
57.5,45.3947,15,2.5,E5,G5,r,r,r,r,G3
57.75,45.5921,15,2.75,G5,G5,r,r,r,r,G3
58.0,45.7895,15,3.0,B4,G5,E5,C#4,r,r,C#3
58.5,46.1842,15,3.5,B4,G5,r,r,r,r,E3
59.0,46.5789,15,4.0,A4,G5,C#5,E4,r,r,A2
59.25,46.7763,15,4.25,C#5,G5,C#5,E4,r,r,A2
59.5,46.9737,15,4.5,E5,A5,r,r,r,r,C#3
59.75,47.1711,15,4.75,G5,G5,r,r,r,r,C#3
60.0,47.3684,16,1.0,F#5,F#5,A4,D4,r,r,D2
60.25,47.5658,16,1.25,A5,F#5,A4,D4,r,r,D2
60.5,47.7632,16,1.5,F#5,D5,D4,A4,r,r,F#3
60.75,47.9605,16,1.75,D5,D5,D4,A4,r,r,F#3
61.0,48.1579,16,2.0,A4,A4,F#4,F#4,r,r,A3
61.25,48.3553,16,2.25,D5,A4,F#4,F#4,r,r,A3
61.5,48.5526,16,2.5,E5,C#5,A4,E4,r,r,A2
61.75,48.75,16,2.75,C#5,C#5,A4,E4,r,r,A2
62.0,48.9474,16,3.0,C#5,D5,A4,F#4,r,r,D3
62.5,49.3421,16,3.5,C#5,D5,A4,F#4,r,r,C3
63.0,49.7368,16,4.0,D5,D5,A4,F#4,r,r,B2
63.25,49.9342,16,4.25,F#5,D5,A4,F#4,r,r,B2
63.5,50.1316,16,4.5,A5,D5,A4,F#4,r,r,A2
63.75,50.3289,16,4.75,C6,D5,A4,F#4,r,r,A2
64.0,50.5263,17,1.0,B5,r,r,r,r,G4,G2
64.25,50.7237,17,1.25,A5,r,r,r,r,G4,G2
64.5,50.9211,17,1.5,C6,r,r,r,r,F#4,A2
64.75,51.1184,17,1.75,B5,r,r,r,r,F#4,A2
65.0,51.3158,17,2.0,A5,r,r,r,r,F#4,B2
65.25,51.5132,17,2.25,G5,r,r,r,r,F#4,B2
65.5,51.7105,17,2.5,B5,r,r,r,r,E4,C3
65.75,51.9079,17,2.75,A5,r,r,r,r,E4,C3
66.0,52.1053,17,3.0,G5,r,r,r,D5,D4,B2
66.25,52.3026,17,3.25,F#5,r,r,r,D5,D4,B2
66.5,52.5,17,3.5,A5,r,r,r,C5,D4,G3
66.75,52.6974,17,3.75,G5,r,r,r,C5,D4,G3
67.0,52.8947,17,4.0,F#5,r,r,r,C5,D4,A2
67.25,53.0921,17,4.25,E5,r,r,r,C5,D4,A2
67.5,53.2895,17,4.5,D5,r,r,r,B4,D4,F#3
67.75,53.4868,17,4.75,C5,r,r,r,B4,D4,F#3
68.0,53.6842,18,1.0,B4,G4,r,r,B4,D4,G2
68.25,53.8816,18,1.25,A4,G4,r,r,B4,D4,G2
68.5,54.0789,18,1.5,B4,F#4,r,r,A4,C4,A2
68.75,54.2763,18,1.75,C5,E4,r,r,A4,C4,A2
69.0,54.4737,18,2.0,D5,D4,r,r,G4,B3,B2
69.5,54.8684,18,2.5,r,D4,r,r,F#4,A3,C3
70.0,55.2632,18,3.0,r,D4,r,r,G4,B3,B2
70.25,55.4605,18,3.25,r,C4,r,r,A4,C4,B2
70.5,55.6579,18,3.5,r,E4,r,r,F#4,A3,G3
70.75,55.8553,18,3.75,r,D4,r,r,G4,B3,G3
71.0,56.0526,18,4.0,r,C4,r,r,A4,C4,A2
71.25,56.25,18,4.25,r,B3,r,r,B4,D4,A2
71.5,56.4474,18,4.5,r,D4,r,r,G4,B3,F#3
71.75,56.6447,18,4.75,r,C4,r,r,A4,C4,F#3
72.0,56.8421,19,1.0,G5,B3,r,r,B4,D4,G2
72.5,57.2368,19,1.5,F#5,C4,r,r,B4,D4,A2
72.75,57.4342,19,1.75,E5,C4,r,r,B4,D4,A2
73.0,57.6316,19,2.0,D5,D4,r,r,B4,D4,B2
73.25,57.8289,19,2.25,D5,D4,r,r,A4,C4,B2
73.5,58.0263,19,2.5,D5,E4,r,r,G4,B3,C3
73.75,58.2237,19,2.75,D5,F#4,r,r,A4,A3,C3
74.0,58.4211,19,3.0,D5,G4,r,r,B4,G3,B2
74.25,58.6184,19,3.25,C5,G4,r,r,C5,A3,B2
74.5,58.8158,19,3.5,E5,r,r,r,A4,F#3,G3
74.75,59.0132,19,3.75,D5,r,r,r,B4,G3,G3
75.0,59.2105,19,4.0,C5,F#4,r,r,C5,A3,A2
75.25,59.4079,19,4.25,B4,F#4,r,r,D5,B3,A2
75.5,59.6053,19,4.5,D5,r,r,r,B4,G3,F#3
75.75,59.8026,19,4.75,C5,r,r,r,C5,A3,F#3
76.0,60.0,20,1.0,B4,G4,r,r,D5,B3,G2
76.25,60.1974,20,1.25,B4,G4,r,r,E5,C4,G2
76.5,60.3947,20,1.5,r,r,r,r,F5,D4,G3
77.0,60.7895,20,2.0,r,r,r,r,F5,D4,B2
77.5,61.1842,20,2.5,r,r,r,r,E5,C4,C3
78.0,61.5789,20,3.0,r,r,r,r,E5,C4,G2
78.25,61.7763,20,3.25,r,r,r,r,D5,B3,G2
78.5,61.9737,20,3.5,r,r,r,r,E5,C4,F#2
79.0,62.3684,20,4.0,r,r,r,r,D5,B3,G2
79.5,62.7632,20,4.5,r,r,r,r,D5,B3,E2
80.0,63.1579,21,1.0,r,r,r,r,C5,A3,A2
80.25,63.3553,21,1.25,r,r,r,r,B4,G3,A2
80.5,63.5526,21,1.5,r,r,r,r,A4,F#3,C4
80.75,63.75,21,1.75,r,r,r,r,A4,F#3,B3
81.0,63.9474,21,2.0,r,r,r,r,A4,F#3,A3
81.5,64.3421,21,2.5,r,r,r,r,B4,G3,G3
82.0,64.7368,21,3.0,r,r,r,r,C5,A3,F#3
82.25,64.9342,21,3.25,r,r,r,r,D5,B3,F#3
82.5,65.1316,21,3.5,r,r,r,r,E5,C4,E3
82.75,65.3289,21,3.75,r,r,r,r,E5,C4,D3
83.0,65.5263,21,4.0,r,r,r,r,E5,C4,E3
83.5,65.9211,21,4.5,r,r,r,r,D5,B3,F#3
83.75,66.1184,21,4.75,r,r,r,r,C5,A3,F#3
84.0,66.3158,22,1.0,r,r,r,r,B4,G3,G3
84.25,66.5132,22,1.25,r,r,r,r,C5,A3,G3
84.5,66.7105,22,1.5,r,r,r,r,D5,B3,E3
85.0,67.1053,22,2.0,r,r,r,r,D5,B3,B2
85.5,67.5,22,2.5,r,r,r,r,C5,A3,C3
86.0,67.8947,22,3.0,r,r,r,r,B4,G3,D3
86.5,68.2895,22,3.5,r,D4,r,r,B4,G3,D2
87.0,68.6842,22,4.0,r,F#4,r,r,A4,F#3,r
87.25,68.8816,22,4.25,D5,F#4,r,r,A4,F#3,r
87.5,69.0789,22,4.5,F#5,A4,r,r,A4,F#3,r
87.75,69.2763,22,4.75,A5,A4,r,r,A4,F#3,r
88.0,69.4737,23,1.0,D6,B4,r,r,r,r,r
88.5,69.8684,23,1.5,D6,B4,B4,G4,r,r,r
89.0,70.2632,23,2.0,C6,B4,G4,E4,r,r,r
89.25,70.4605,23,2.25,E5,B4,G4,E4,r,r,r
89.5,70.6579,23,2.5,A5,A4,E4,C4,r,r,r
89.75,70.8553,23,2.75,C6,G4,E4,C4,r,r,r
90.0,71.0526,23,3.0,E5,A4,F#4,A3,r,r,D3
90.5,71.4474,23,3.5,E5,A4,A4,C4,r,r,D2
91.0,71.8421,23,4.0,D5,A4,D4,F#4,r,r,r
91.25,72.0395,23,4.25,F#5,A4,D4,F#4,r,r,r
91.5,72.2368,23,4.5,A5,G4,D5,D4,r,r,D3
91.75,72.4342,23,4.75,C6,F#4,D5,D4,r,r,D3
92.0,72.6316,24,1.0,B5,G4,D5,D4,r,r,G3
92.25,72.8289,24,1.25,D6,G4,D5,D4,r,r,G3
92.5,73.0263,24,1.5,B5,E5,C5,G4,r,r,C3
92.75,73.2237,24,1.75,G5,E5,C5,G4,r,r,C3
93.0,73.4211,24,2.0,D5,D5,B4,G4,r,r,D3
93.25,73.6184,24,2.25,G5,D5,B4,G4,r,r,D3
93.5,73.8158,24,2.5,A5,C5,A4,D4,r,r,D2
93.75,74.0132,24,2.75,F#5,C5,A4,D4,r,r,D2
94.0,74.2105,24,3.0,F#5,B4,G4,D4,r,r,G2
94.5,74.6053,24,3.5,F#5,A4,D4,C4,r,r,G2
95.0,75.0,24,4.0,G5,G4,D4,B3,r,r,r
95.5,75.3947,24,4.5,G5,F#4,C4,A3,r,r,r
96.0,75.7895,25,1.0,G5,G4,B3,G3,G5,r,G2
96.5,76.1842,25,1.5,F#5,r,r,r,F#5,r,A2
96.75,76.3816,25,1.75,E5,r,r,r,F#5,r,A2
97.0,76.5789,25,2.0,D5,r,r,r,F#5,r,B2
97.5,76.9737,25,2.5,D5,r,r,r,E5,r,C3
98.0,77.3684,25,3.0,D5,G4,r,r,D5,D4,B2
98.25,77.5658,25,3.25,E5,G4,r,r,D5,D4,B2
98.5,77.7632,25,3.5,F#5,F#4,r,r,D5,C4,G3
98.75,77.9605,25,3.75,G5,E4,r,r,D5,C4,G3
99.0,78.1579,25,4.0,A5,D4,r,r,D5,C4,A2
99.25,78.3553,25,4.25,B5,D4,r,r,D5,C4,A2
99.5,78.5526,25,4.5,G5,D4,r,r,D5,B3,F#3
99.75,78.75,25,4.75,A5,D4,r,r,D5,B3,F#3
100.0,78.9474,26,1.0,B5,D4,r,r,D5,B3,G2
100.25,79.1447,26,1.25,A5,D4,r,r,D5,B3,G2
100.5,79.3421,26,1.5,B5,D4,r,r,C5,A3,A2
100.75,79.5395,26,1.75,C6,D4,r,r,C5,A3,A2
101.0,79.7368,26,2.0,D6,D4,r,r,B4,G3,B2
101.5,80.1316,26,2.5,D6,D4,r,r,A4,F#3,C3
102.0,80.5263,26,3.0,D6,D4,r,r,B4,G3,B2
102.25,80.7237,26,3.25,C6,D4,r,r,C5,A3,B2
102.5,80.9211,26,3.5,E6,C4,r,r,A4,F#3,G3
102.75,81.1184,26,3.75,D6,B3,r,r,B4,G3,G3
103.0,81.3158,26,4.0,C6,A3,r,r,C5,A3,A2
103.25,81.5132,26,4.25,B5,G3,r,r,D5,B3,A2
103.5,81.7105,26,4.5,D6,B3,r,r,B4,G3,F#3
103.75,81.9079,26,4.75,C6,A3,r,r,C5,A3,F#3
104.0,82.1053,27,1.0,B5,G3,G4,G4,D5,B3,G2
104.25,82.3026,27,1.25,B5,G4,G4,G4,D5,B3,G2
104.5,82.5,27,1.5,B5,F#4,F#4,F#4,D5,B3,A2
104.75,82.6974,27,1.75,B5,E4,E4,E4,D5,B3,A2
105.0,82.8947,27,2.0,r,D4,D4,D4,D5,B3,B2
105.25,83.0921,27,2.25,r,D4,D4,D4,C5,A3,B2
105.5,83.2895,27,2.5,r,D4,D4,D4,B4,G3,C3
105.75,83.4868,27,2.75,r,D4,D4,D4,A4,A3,C3
106.0,83.6842,27,3.0,r,D4,D4,D4,G4,B3,B2
106.25,83.8816,27,3.25,r,C4,C4,C4,A4,C4,B2
106.5,84.0789,27,3.5,r,E4,E4,E4,F#4,A3,G3
106.75,84.2763,27,3.75,r,D4,D4,D4,G4,B3,G3
107.0,84.4737,27,4.0,r,C4,C4,C4,A4,C4,A2
107.25,84.6711,27,4.25,r,B3,B3,B3,B4,D4,A2
107.5,84.8684,27,4.5,r,D4,D4,D4,G4,B3,F#3
107.75,85.0658,27,4.75,r,C4,C4,C4,A4,C4,F#3
108.0,85.2632,28,1.0,D6,B3,B3,B3,B4,D4,G2
108.25,85.4605,28,1.25,C6,B3,B3,B3,C5,E4,G2
108.5,85.6579,28,1.5,B5,r,r,r,D5,F4,G3
108.75,85.8553,28,1.75,A5,r,r,r,D5,F4,G3
109.0,86.0526,28,2.0,G5,r,r,r,D5,F4,B2
109.5,86.4474,28,2.5,G5,r,r,r,C5,E4,C3
110.0,86.8421,28,3.0,G5,r,r,r,C5,E4,G3
110.25,87.0395,28,3.25,F#5,r,r,r,B4,D4,G3
110.5,87.2368,28,3.5,G5,r,r,r,C5,E4,F#3
110.75,87.4342,28,3.75,A5,r,r,r,C5,E4,F#3
111.0,87.6316,28,4.0,B5,r,r,r,B4,D4,G3
111.25,87.8289,28,4.25,A5,r,r,r,B4,D4,G3
111.5,88.0263,28,4.5,G5,r,r,r,B4,D4,E3
111.75,88.2237,28,4.75,A5,r,r,r,B4,D4,E3
112.0,88.4211,29,1.0,F#5,r,r,r,A4,C4,A3
112.25,88.6184,29,1.25,G5,r,r,r,G4,B3,A3
112.5,88.8158,29,1.5,A5,r,r,r,F#4,A3,C4
112.75,89.0132,29,1.75,B5,r,r,r,F#4,A3,B3
113.0,89.2105,29,2.0,C6,r,r,r,F#4,A3,A3
113.25,89.4079,29,2.25,D6,r,r,r,F#4,A3,A3
113.5,89.6053,29,2.5,B5,r,r,r,G4,B3,G3
113.75,89.8026,29,2.75,C6,r,r,r,G4,B3,G3
114.0,90.0,29,3.0,D6,r,r,r,A4,C4,F#3
114.25,90.1974,29,3.25,A5,r,r,r,B4,D4,F#3
114.5,90.3947,29,3.5,G5,r,r,r,C5,E4,E3
114.75,90.5921,29,3.75,F#5,r,r,r,C5,E4,D3
115.0,90.7895,29,4.0,G5,r,r,r,C5,E4,E3
115.25,90.9868,29,4.25,F#5,r,r,r,C5,E4,E3
115.5,91.1842,29,4.5,G5,r,r,r,B4,D4,F#3
115.75,91.3816,29,4.75,A5,r,r,r,A4,C4,F#3
116.0,91.5789,30,1.0,D5,r,r,r,G4,B3,G3
116.25,91.7763,30,1.25,C5,r,r,r,A4,C4,G3
116.5,91.9737,30,1.5,B4,r,r,r,B4,D4,G2
116.75,92.1711,30,1.75,A4,r,r,r,B4,D4,A2
117.0,92.3684,30,2.0,G4,r,r,r,B4,D4,B2
117.5,92.7632,30,2.5,r,r,r,r,A4,C4,C3
118.0,93.1579,30,3.0,D6,r,r,r,G4,B3,D3
118.5,93.5526,30,3.5,D6,r,r,r,G4,B3,D2
119.0,93.9474,30,4.0,D6,r,r,r,F#4,A3,F#2
119.5,94.3421,30,4.5,C#6,r,r,r,F#4,A3,A2
119.75,94.5395,30,4.75,B5,r,r,r,F#4,A3,A2
120.0,94.7368,31,1.0,A5,r,r,r,D5,r,D3
120.5,95.1316,31,1.5,A5,r,r,r,C#5,r,E3
120.75,95.3289,31,1.75,A5,r,r,r,B4,r,E3
121.0,95.5263,31,2.0,A5,D5,D5,D5,A4,r,F#3
121.5,95.9211,31,2.5,A4,C#5,C#5,C#5,A4,r,G3
121.75,96.1184,31,2.75,A4,B4,B4,B4,A4,r,G3
122.0,96.3158,31,3.0,D5,A4,A4,A4,A4,r,F#3
122.25,96.5132,31,3.25,E5,A4,A4,A4,A4,r,F#3
122.5,96.7105,31,3.5,C#5,A4,A4,A4,G4,r,D4
122.75,96.9079,31,3.75,D5,A4,A4,A4,G4,r,D4
123.0,97.1053,31,4.0,E5,A4,A4,A4,G4,r,E3
123.25,97.3026,31,4.25,F#5,A4,A4,A4,G4,r,E3
123.5,97.5,31,4.5,D5,A4,A4,A4,F#4,r,C#4
123.75,97.6974,31,4.75,E5,A4,A4,A4,F#4,r,C#4
124.0,97.8947,32,1.0,F#5,A4,A4,A4,F#4,D4,D3
124.5,98.2895,32,1.5,E5,A4,A4,A4,G4,C#4,E3
124.75,98.4868,32,1.75,E5,A4,A4,A4,G4,B3,E3
125.0,98.6842,32,2.0,D5,D4,D4,D4,A4,A3,F#3
125.5,99.0789,32,2.5,E5,C#4,C#4,C#4,C#4,A3,G3
125.75,99.2763,32,2.75,E5,B3,B3,B3,C#4,A3,G3
126.0,99.4737,32,3.0,F#5,A3,A3,A3,D4,A3,F#3
126.25,99.6711,32,3.25,G5,A3,A3,A3,E4,A3,F#3
126.5,99.8684,32,3.5,E5,A3,A3,A3,C#4,G3,D4
126.75,100.0658,32,3.75,F#5,A3,A3,A3,D4,G3,D4
127.0,100.2632,32,4.0,G5,A3,A3,A3,E4,G3,E3
127.25,100.4605,32,4.25,A5,A3,A3,A3,F#4,G3,E3
127.5,100.6579,32,4.5,F#5,A3,A3,A3,D4,F#3,C#4
127.75,100.8553,32,4.75,G5,A3,A3,A3,E4,F#3,C#4
128.0,101.0526,33,1.0,A5,A3,A3,A3,F#4,F#3,D3
128.5,101.4474,33,1.5,B5,r,r,r,F#4,E3,D4
128.75,101.6447,33,1.75,C6,r,r,r,F#4,E3,D4
129.0,101.8421,33,2.0,D6,r,r,r,F#4,D3,C3
129.25,102.0395,33,2.25,D6,r,r,r,G4,E3,C3
129.5,102.2368,33,2.5,D6,r,r,r,E4,C3,A3
129.75,102.4342,33,2.75,D6,r,r,r,F#4,D3,A3
130.0,102.6316,33,3.0,D6,r,r,r,G4,E3,B2
130.25,102.8289,33,3.25,C6,r,r,r,A4,F#3,B2
130.5,103.0263,33,3.5,E6,r,r,r,F#4,D3,G3
130.75,103.2237,33,3.75,D6,r,r,r,G4,E3,G3
131.0,103.4211,33,4.0,C6,r,r,r,A4,F#3,A2
131.25,103.6184,33,4.25,B5,r,r,r,B4,G3,A2
131.5,103.8158,33,4.5,D6,D5,r,r,G4,E3,F#3
131.75,104.0132,33,4.75,C6,D5,r,r,A4,F#3,F#3
132.0,104.2105,34,1.0,B5,D5,r,r,B4,G3,G2
132.25,104.4079,34,1.25,A5,C5,r,r,C5,A3,G2
132.5,104.6053,34,1.5,C6,E5,r,r,A4,F#3,E3
132.75,104.8026,34,1.75,B5,D5,r,r,B4,G3,E3
133.0,105.0,34,2.0,A5,C5,r,r,C5,A3,F#2
133.25,105.1974,34,2.25,G5,B4,r,r,C5,A3,F#2
133.5,105.3947,34,2.5,B5,D5,r,r,A4,F#3,D3
133.75,105.5921,34,2.75,A5,C5,r,r,A4,F#3,D3
134.0,105.7895,34,3.0,G5,B4,G4,G4,B4,G3,G3
134.25,105.9868,34,3.25,G5,B4,G4,G4,C5,A3,G3
134.5,106.1842,34,3.5,G5,r,F#4,F#4,D5,B3,D3
134.75,106.3816,34,3.75,G5,r,E4,E4,D5,B3,D3
135.0,106.5789,34,4.0,G5,r,D4,D4,D5,B3,B2
135.5,106.9737,34,4.5,F#5,r,D4,D4,D5,B3,D3
135.75,107.1711,34,4.75,E5,r,D4,D4,D5,B3,D3
136.0,107.3684,35,1.0,D5,r,D4,D4,r,G4,G2
136.5,107.7632,35,1.5,D5,r,D4,D4,r,F#4,A2
136.75,107.9605,35,1.75,D5,r,D4,D4,r,E4,A2
137.0,108.1579,35,2.0,D5,G5,G5,D4,r,D4,B2
137.5,108.5526,35,2.5,D4,F#5,F#5,D4,r,D4,C3
137.75,108.75,35,2.75,D4,E5,E5,D4,r,D4,C3
138.0,108.9474,35,3.0,G4,D5,D5,D4,r,D4,B2
138.25,109.1447,35,3.25,A4,D5,D5,D4,r,D4,B2
138.5,109.3421,35,3.5,F#4,D5,D5,D4,r,C4,G3
138.75,109.5395,35,3.75,G4,D5,D5,D4,r,C4,G3
139.0,109.7368,35,4.0,A4,D5,D5,D4,r,C4,A2
139.25,109.9342,35,4.25,B4,D5,D5,D4,r,C4,A2
139.5,110.1316,35,4.5,G4,D5,D5,D4,r,B3,F#3
139.75,110.3289,35,4.75,A4,D5,D5,D4,r,B3,F#3
140.0,110.5263,36,1.0,B4,D5,D5,D4,G5,B3,G2
140.5,110.9211,36,1.5,A4,D5,D5,D4,F#5,C4,A2
140.75,111.1184,36,1.75,A4,D5,D5,D4,E5,C4,A2
141.0,111.3158,36,2.0,G4,G4,G4,G4,D5,D4,B2
141.5,111.7105,36,2.5,A4,F#4,F#4,F#4,D5,F#3,C3
141.75,111.9079,36,2.75,A4,E4,E4,E4,D5,F#3,C3
142.0,112.1053,36,3.0,B4,D4,D4,D4,D5,G3,B2
142.25,112.3026,36,3.25,C5,D4,D4,D4,D5,A3,B2
142.5,112.5,36,3.5,A4,D4,D4,D4,C5,F#3,G3
142.75,112.6974,36,3.75,B4,D4,D4,D4,C5,G3,G3
143.0,112.8947,36,4.0,C5,D4,D4,D4,C5,A3,A2
143.25,113.0921,36,4.25,D5,D4,D4,D4,C5,B3,A2
143.5,113.2895,36,4.5,B4,D4,D4,D4,B4,G3,F#3
143.75,113.4868,36,4.75,C5,D4,D4,D4,B4,A3,F#3
144.0,113.6842,37,1.0,D5,D4,D4,D4,B4,B3,G2
144.5,114.0789,37,1.5,E5,r,r,r,A4,B3,G3
144.75,114.2763,37,1.75,F#5,r,r,r,A4,B3,G3
145.0,114.4737,37,2.0,G5,r,r,r,G4,B3,F2
145.25,114.6711,37,2.25,G5,r,r,r,A4,C4,F2
145.5,114.8684,37,2.5,G5,r,r,r,F#4,A3,D3
145.75,115.0658,37,2.75,G5,r,r,r,G4,B3,D3
146.0,115.2632,37,3.0,G5,r,r,r,A4,C4,E2
146.25,115.4605,37,3.25,F5,r,r,r,B4,D4,E2
146.5,115.6579,37,3.5,A5,r,r,r,G4,B3,C3
146.75,115.8553,37,3.75,G5,r,r,r,A4,C4,C3
147.0,116.0526,37,4.0,F5,r,r,r,B4,D4,D2
147.25,116.25,37,4.25,E5,r,r,r,C5,E4,D2
147.5,116.4474,37,4.5,G5,G4,r,r,A4,C4,B2
147.75,116.6447,37,4.75,F5,G4,r,r,B4,D4,B2
148.0,116.8421,38,1.0,E5,G4,r,r,C5,E4,C3
148.25,117.0395,38,1.25,D5,F4,r,r,D5,F4,C3
148.5,117.2368,38,1.5,F5,A4,r,r,B4,D4,A3
148.75,117.4342,38,1.75,E5,G4,r,r,C5,E4,A3
149.0,117.6316,38,2.0,D5,F4,r,r,D5,F4,B2
149.25,117.8289,38,2.25,C5,E4,r,r,D5,F4,B2
149.5,118.0263,38,2.5,E5,G4,r,r,B4,D4,G3
149.75,118.2237,38,2.75,D5,F4,r,r,B4,D4,G3
150.0,118.4211,38,3.0,C5,E4,C4,C4,C5,E4,C4
150.25,118.6184,38,3.25,C5,E4,C4,C4,D5,F4,C4
150.5,118.8158,38,3.5,C5,r,B3,B3,E5,G4,G3
150.75,119.0132,38,3.75,C5,r,A3,A3,E5,G4,G3
151.0,119.2105,38,4.0,C5,r,G3,G3,E5,G4,E3
151.5,119.6053,38,4.5,B4,r,G3,G3,E5,G4,G3
151.75,119.8026,38,4.75,A4,r,G3,G3,E5,G4,G3
152.0,120.0,39,1.0,G4,r,G3,G3,E5,C4,C4
152.5,120.3947,39,1.5,r,r,r,r,D5,B3,r
153.0,120.7895,39,2.0,r,r,r,r,D5,B3,C3
153.5,121.1842,39,2.5,r,r,r,r,C5,A3,r
154.0,121.5789,39,3.0,r,D4,D4,D4,B4,G3,D3
154.5,121.9737,39,3.5,r,C4,C4,C4,A4,F#3,r
154.75,122.1711,39,3.75,r,B3,B3,B3,A4,F#3,r
155.0,122.3684,39,4.0,r,A3,A3,A3,A4,F#3,C3
155.5,122.7632,39,4.5,r,r,r,r,B4,G3,r
155.75,122.9605,39,4.75,r,r,r,r,C5,A3,r
156.0,123.1579,40,1.0,G5,r,r,r,D5,B3,B2
156.5,123.5526,40,1.5,F#5,r,r,r,C5,A3,r
156.75,123.75,40,1.75,E5,r,r,r,C5,A3,r
157.0,123.9474,40,2.0,D5,r,r,r,C5,A3,B3
157.5,124.3421,40,2.5,r,r,r,r,B4,G3,r
158.0,124.7368,40,3.0,r,r,r,r,A4,F#3,C4
158.5,125.1316,40,3.5,r,r,r,r,G4,E3,C3
158.75,125.3289,40,3.75,r,r,r,r,G4,E3,B2
159.0,125.5263,40,4.0,r,r,r,r,C5,r,A2
159.5,125.9211,40,4.5,r,r,r,r,C5,r,G2
160.0,126.3158,41,1.0,r,r,r,r,C5,D4,F#2
160.25,126.5132,41,1.25,r,r,r,r,B4,D4,F#2
160.5,126.7105,41,1.5,r,r,r,r,D5,D4,D3
160.75,126.9079,41,1.75,r,r,r,r,C5,D4,D3
161.0,127.1053,41,2.0,r,r,r,r,B4,D4,G2
161.25,127.3026,41,2.25,r,r,r,r,B4,C4,G2
161.5,127.5,41,2.5,r,r,r,r,B4,E4,E3
161.75,127.6974,41,2.75,r,r,r,r,B4,D4,E3
162.0,127.8947,41,3.0,r,r,r,r,B4,C4,E2
162.25,128.0921,41,3.25,r,r,r,r,A4,C4,E2
162.5,128.2895,41,3.5,r,r,r,r,C5,C4,C3
162.75,128.4868,41,3.75,r,r,r,r,B4,C4,C3
163.0,128.6842,41,4.0,r,r,r,r,A4,C4,F#2
163.25,128.8816,41,4.25,r,r,r,r,A4,B3,F#2
163.5,129.0789,41,4.5,r,r,r,r,A4,D4,D3
163.75,129.2763,41,4.75,r,r,r,r,A4,C4,D3
164.0,129.4737,42,1.0,r,r,r,r,A4,B3,G2
164.25,129.6711,42,1.25,r,r,r,r,G4,B3,G2
164.5,129.8684,42,1.5,r,r,r,r,B4,B3,G3
164.75,130.0658,42,1.75,r,r,r,r,A4,B3,G3
165.0,130.2632,42,2.0,r,r,r,r,G4,B3,E3
165.25,130.4605,42,2.25,r,r,r,r,F#4,A3,E3
165.5,130.6579,42,2.5,r,r,r,r,A4,C4,C3
166.0,131.0526,42,3.0,r,D5,D5,D5,G4,A3,D3
166.25,131.25,42,3.25,r,C5,C5,C5,G4,A3,D3
166.5,131.4474,42,3.5,r,B4,B4,B4,F#4,D3,F#3
166.75,131.6447,42,3.75,r,A4,A4,A4,F#4,D3,F#3
167.0,131.8421,42,4.0,r,G4,G4,G4,r,D4,B2
167.25,132.0395,42,4.25,r,F#4,F#4,F#4,r,D4,B2
167.5,132.2368,42,4.5,r,E4,E4,E4,r,D4,G3
167.75,132.4342,42,4.75,r,D4,D4,D4,r,D4,G3
168.0,132.6316,43,1.0,r,E4,E4,E4,E5,D4,C3
168.25,132.8289,43,1.25,r,E4,E4,E4,E5,C4,C3
168.5,133.0263,43,1.5,r,r,r,r,E5,E4,G3
168.75,133.2237,43,1.75,r,r,r,r,E5,D4,G3
169.0,133.4211,43,2.0,r,r,r,r,E5,C4,A2
169.25,133.6184,43,2.25,r,r,r,r,D5,C4,A2
169.5,133.8158,43,2.5,r,r,r,r,F#5,C4,F#3
169.75,134.0132,43,2.75,r,r,r,r,E5,C4,F#3
170.0,134.2105,43,3.0,r,r,r,r,D5,C4,B2
170.25,134.4079,43,3.25,r,r,r,r,D5,B3,B2
170.5,134.6053,43,3.5,r,r,r,r,D5,D4,F#3
170.75,134.8026,43,3.75,r,r,r,r,D5,C4,F#3
171.0,135.0,43,4.0,r,r,r,r,D5,B3,G2
171.25,135.1974,43,4.25,r,r,r,r,C5,B3,G2
171.5,135.3947,43,4.5,r,r,r,r,E5,B3,E3
171.75,135.5921,43,4.75,r,r,r,r,D5,B3,E3
172.0,135.7895,44,1.0,r,r,r,r,C5,B3,A2
172.25,135.9868,44,1.25,r,r,r,r,C5,A3,A2
172.5,136.1842,44,1.5,r,r,r,r,C5,C4,E3
172.75,136.3816,44,1.75,r,r,r,r,C5,B3,E3
173.0,136.5789,44,2.0,r,r,r,r,C5,A3,F#2
173.25,136.7763,44,2.25,r,r,r,r,B4,G3,F#2
173.5,136.9737,44,2.5,r,r,r,r,D5,B3,D3
174.0,137.3684,44,3.0,r,r,r,r,B4,G3,G2
174.5,137.7632,44,3.5,r,r,r,r,A4,F#3,r
175.0,138.1579,44,4.0,r,r,r,r,A4,F#3,C3
175.5,138.5526,44,4.5,r,r,r,r,G4,E3,r
176.0,138.9474,45,1.0,r,r,r,r,C5,A3,A2
176.5,139.3421,45,1.5,r,r,r,r,B4,G3,r
177.0,139.7368,45,2.0,r,r,r,r,B4,G3,D3
177.5,140.1316,45,2.5,r,r,r,r,A4,F#3,r
178.0,140.5263,45,3.0,r,r,r,r,D5,B3,B2
178.5,140.9211,45,3.5,r,r,r,r,C5,A3,E3
178.75,141.1184,45,3.75,r,r,r,r,B4,G3,E3
179.0,141.3158,45,4.0,r,r,r,r,C5,A3,C3
179.5,141.7105,45,4.5,r,r,r,r,A4,F#3,D3
180.0,142.1053,46,1.0,r,r,r,r,B4,G3,B2
180.5,142.5,46,1.5,r,r,r,r,C5,A3,G2
180.75,142.6974,46,1.75,r,r,r,r,D5,B3,G2
181.0,142.8947,46,2.0,r,r,r,r,B4,D3,D3
181.5,143.2895,46,2.5,r,r,r,r,A4,F#3,D2
181.75,143.4868,46,2.75,r,r,r,r,G4,F#3,D2
182.0,143.6842,46,3.0,r,r,r,r,G4,G3,G2
182.5,144.0789,46,3.5,r,r,r,r,D5,B3,r
183.0,144.4737,46,4.0,r,r,r,r,C5,A3,C3
183.5,144.8684,46,4.5,r,r,r,r,B4,G3,r
184.0,145.2632,47,1.0,r,r,r,r,B4,G3,D3
184.5,145.6579,47,1.5,r,r,r,r,A4,F#3,D2
185.0,146.0526,47,2.0,G5,G5,B4,D4,r,r,r
185.25,146.25,47,2.25,F#5,G5,B4,D4,r,r,r
185.5,146.4474,47,2.5,A5,F#5,r,r,r,r,r
185.75,146.6447,47,2.75,G5,F#5,r,r,r,r,r
186.0,146.8421,47,3.0,F#5,F#5,A4,D4,r,r,r
186.25,147.0395,47,3.25,E5,F#5,A4,D4,r,r,r
186.5,147.2368,47,3.5,G5,E5,r,r,r,r,r
186.75,147.4342,47,3.75,F#5,E5,r,r,r,r,r
187.0,147.6316,47,4.0,E5,E5,G4,D4,r,r,r
187.25,147.8289,47,4.25,D5,E5,G4,D4,r,r,r
187.5,148.0263,47,4.5,F#5,D5,r,r,r,r,r
187.75,148.2237,47,4.75,E5,D5,r,r,r,r,r
188.0,148.4211,48,1.0,E5,A5,F#4,D4,r,r,D3
188.5,148.8158,48,1.5,E5,r,r,r,B4,G4,D2
189.0,149.2105,48,2.0,D5,D5,D4,B3,A4,F#4,r
189.25,149.4079,48,2.25,C5,D5,D4,B3,A4,F#4,r
189.5,149.6053,48,2.5,E5,C5,r,r,G4,E4,r
189.75,149.8026,48,2.75,D5,C5,r,r,G4,E4,r
190.0,150.0,48,3.0,C5,C5,A4,A3,G4,E4,r
190.25,150.1974,48,3.25,B4,C5,A4,A3,G4,E4,r
190.5,150.3947,48,3.5,D5,B4,r,r,F#4,D4,r
190.75,150.5921,48,3.75,C5,B4,r,r,F#4,D4,r
191.0,150.7895,48,4.0,B4,B4,D4,G3,r,r,r
191.25,150.9868,48,4.25,A4,B4,D4,G3,r,r,r
191.5,151.1842,48,4.5,C5,A4,r,r,r,r,r
191.75,151.3816,48,4.75,B4,A4,r,r,r,r,r
192.0,151.5789,49,1.0,B4,D5,F#4,D3,r,r,D3
192.5,151.9737,49,1.5,B4,D4,A3,F#3,r,r,D2
193.0,152.3684,49,2.0,A4,F#4,D4,A3,r,r,r
193.25,152.5658,49,2.25,A5,F#4,D4,A3,r,r,r
193.5,152.7632,49,2.5,F#5,A4,F#4,C4,r,r,r
193.75,152.9605,49,2.75,D5,A4,F#4,C4,r,r,r
194.0,153.1579,49,3.0,D5,A4,F#4,C4,D5,r,r
194.5,153.5526,49,3.5,D5,D4,A3,F#3,C5,r,r
194.75,153.75,49,3.75,D5,D4,A3,F#3,B4,r,r
195.0,153.9474,49,4.0,C5,F#4,D4,A3,A4,D4,r
195.25,154.1447,49,4.25,A5,F#4,D4,A3,A4,D4,r
195.5,154.3421,49,4.5,F#5,A4,F#4,C4,A4,C4,r
195.75,154.5395,49,4.75,D5,A4,F#4,C4,A4,B3,r
196.0,154.7368,50,1.0,C5,A4,F#4,C4,A4,A3,D3
196.25,154.9342,50,1.25,A5,A4,F#4,C4,A4,A3,D3
196.5,155.1316,50,1.5,F#5,D4,A3,F#3,C5,A3,D2
196.75,155.3289,50,1.75,D5,D4,A3,F#3,B4,G3,D2
197.0,155.5263,50,2.0,C5,F#4,D4,A3,C5,A3,r
197.25,155.7237,50,2.25,A5,F#4,D4,A3,C5,A3,r
197.5,155.9211,50,2.5,F#5,A4,F#4,D4,C5,A3,r
197.75,156.1184,50,2.75,D5,A4,F#4,D4,C5,A3,r
198.0,156.3158,50,3.0,C5,A4,D4,G3,C5,A3,r
198.25,156.5132,50,3.25,C5,A4,D4,G3,C5,F#3,r
198.5,156.7105,50,3.5,C5,D4,G4,B3,B4,G3,D2
199.0,157.1053,50,4.0,B4,r,r,r,r,G4,G2
199.25,157.3026,50,4.25,D5,r,r,r,r,G4,G2
199.5,157.5,50,4.5,G5,r,r,r,r,G4,B2
199.75,157.6974,50,4.75,E5,r,r,r,r,G4,B2
200.0,157.8947,51,1.0,C#5,G4,B-3,E4,r,G4,D3
200.5,158.2895,51,1.5,C#5,F#4,A3,D4,r,F#4,D2
201.0,158.6842,51,2.0,D5,r,r,r,G4,F#4,r
201.25,158.8816,51,2.25,F#5,r,r,r,G4,F#4,r
201.5,159.0789,51,2.5,B5,r,r,r,G4,E4,r
201.75,159.2763,51,2.75,G5,r,r,r,G4,E4,r
202.0,159.4737,51,3.0,C#5,B-4,G4,C#4,G4,E4,r
202.5,159.8684,51,3.5,C#5,A4,F#4,F#4,F#4,A3,D2
203.0,160.2632,51,4.0,D5,r,r,r,F#4,A3,F#2
203.25,160.4605,51,4.25,A5,r,r,r,F#4,A3,F#2
203.5,160.6579,51,4.5,D6,r,r,r,E4,A3,A2
203.75,160.8553,51,4.75,B5,r,r,r,E4,A3,A2
204.0,161.0526,52,1.0,B5,D5,G4,B3,D4,G4,D3
204.5,161.4474,52,1.5,B5,C5,F#4,A3,D4,F#4,D2
205.0,161.8421,52,2.0,C6,r,r,r,D4,A4,r
205.25,162.0395,52,2.25,D5,r,r,r,D4,A4,r
205.5,162.2368,52,2.5,F#5,r,r,r,D4,C4,r
205.75,162.4342,52,2.75,E5,r,r,r,D4,C4,r
206.0,162.6316,52,3.0,G5,r,r,r,D5,B3,r
206.25,162.8289,52,3.25,F#5,r,r,r,B4,B3,r
206.5,163.0263,52,3.5,A5,r,r,r,G4,C4,r
206.75,163.2237,52,3.75,G5,r,r,r,G4,C4,r
207.0,163.4211,52,4.0,B5,r,r,r,r,D4,r
207.25,163.6184,52,4.25,A5,r,r,r,r,D4,r
207.5,163.8158,52,4.5,C6,r,r,r,r,E4,r
207.75,164.0132,52,4.75,A5,r,r,r,r,E4,r
208.0,164.2105,53,1.0,A5,r,r,r,r,G3,D3
208.25,164.4079,53,1.25,A5,r,r,r,r,E3,D3
208.5,164.6053,53,1.5,A5,r,r,r,r,F#3,D2
209.0,165.0,53,2.0,B-5,r,r,r,G5,r,r
209.25,165.1974,53,2.25,C5,r,r,r,G5,r,r
209.5,165.3947,53,2.5,E-5,r,r,r,G4,C4,r
209.75,165.5921,53,2.75,D5,r,r,r,G4,C4,r
210.0,165.7895,53,3.0,F#5,r,r,r,A4,C4,r
210.25,165.9868,53,3.25,E5,r,r,r,A4,C4,r
210.5,166.1842,53,3.5,G5,r,r,r,B-4,D4,r
210.75,166.3816,53,3.75,F#5,r,r,r,B-4,D4,r
211.0,166.5789,53,4.0,A5,r,r,r,C5,E-4,r
211.25,166.7763,53,4.25,G5,r,r,r,C5,E-4,r
211.5,166.9737,53,4.5,B-5,r,r,r,E4,C4,r
211.75,167.1711,53,4.75,A5,r,r,r,F#4,C4,r
212.0,167.3684,54,1.0,C#6,r,r,r,G4,B-3,r
212.25,167.5658,54,1.25,C#6,r,r,r,E4,B-3,r
212.5,167.7632,54,1.5,C#6,r,r,r,F#4,A3,D4
213.0,168.1579,54,2.0,D6,r,r,r,r,r,A3
213.25,168.3553,54,2.25,D4,r,r,r,r,r,A3
213.5,168.5526,54,2.5,F#4,r,r,r,r,r,D4
213.75,168.75,54,2.75,A4,r,r,r,r,r,D4
214.0,168.9474,54,3.0,D5,r,r,r,D5,r,F#3
214.25,169.1447,54,3.25,A4,r,r,r,D5,r,F#3
214.5,169.3421,54,3.5,F#4,r,r,r,C5,r,A3
214.75,169.5395,54,3.75,D4,r,r,r,C5,r,A3
215.0,169.7368,54,4.0,F#4,r,r,r,C5,r,D3
215.25,169.9342,54,4.25,A4,r,r,r,C5,r,D3
215.5,170.1316,54,4.5,D5,r,r,r,B4,r,F#3
215.75,170.3289,54,4.75,A4,r,r,r,B4,r,F#3
216.0,170.5263,55,1.0,G5,r,r,r,B4,D4,C3
216.5,170.9211,55,1.5,G5,r,r,r,A4,C4,D4
217.0,171.3158,55,2.0,F#5,r,r,r,r,C4,A3
217.25,171.5132,55,2.25,D5,r,r,r,r,C4,A3
217.5,171.7105,55,2.5,F#5,r,r,r,r,B3,C4
217.75,171.9079,55,2.75,A5,r,r,r,r,B3,C4
218.0,172.1053,55,3.0,D6,r,r,r,r,B3,F#3
218.25,172.3026,55,3.25,A5,r,r,r,r,B3,F#3
218.5,172.5,55,3.5,F#5,r,r,r,C5,A3,A3
218.75,172.6974,55,3.75,D5,r,r,r,C5,A3,A3
219.0,172.8947,55,4.0,F#5,r,r,r,B4,r,D3
219.25,173.0921,55,4.25,A5,r,r,r,B4,r,D3
219.5,173.2895,55,4.5,D6,r,r,r,A4,r,F#3
219.75,173.4868,55,4.75,A5,r,r,r,A4,r,F#3
220.0,173.6842,56,1.0,F#6,r,r,r,D5,r,B2
220.5,174.0789,56,1.5,F#6,r,r,r,B4,D3,D4
221.0,174.4737,56,2.0,G6,r,r,r,G4,D4,B3
221.25,174.6711,56,2.25,G5,r,r,r,G4,D4,B3
221.5,174.8684,56,2.5,B5,r,r,r,G4,C4,D4
221.75,175.0658,56,2.75,D6,r,r,r,G4,C4,D4
222.0,175.2632,56,3.0,F5,r,r,r,r,B3,G3
222.5,175.6579,56,3.5,F5,r,r,r,r,B3,B3
222.75,175.8553,56,3.75,F5,r,r,r,r,C4,B3
222.875,175.9539,56,3.875,F5,r,r,r,r,D4,B3
223.0,176.0526,56,4.0,E5,r,r,r,r,G3,E3
223.25,176.25,56,4.25,G5,r,r,r,r,G3,E3
223.5,176.4474,56,4.5,B5,r,r,r,r,r,G3
223.75,176.6447,56,4.75,D6,r,r,r,r,r,G3
224.0,176.8421,57,1.0,D6,r,r,r,r,r,A2
224.5,177.2368,57,1.5,D6,r,r,r,r,r,C4
225.0,177.6316,57,2.0,C6,r,r,r,C5,A3,A3
225.25,177.8289,57,2.25,E5,r,r,r,C5,A3,A3
225.5,178.0263,57,2.5,A5,r,r,r,C5,A3,C4
225.75,178.2237,57,2.75,C6,r,r,r,C5,A3,C4
226.0,178.4211,57,3.0,E5,r,r,r,C5,A3,F#3
226.5,178.8158,57,3.5,E5,r,r,r,A4,F#3,A3
227.0,179.2105,57,4.0,D5,r,r,r,A4,F#3,D3
227.25,179.4079,57,4.25,F#5,r,r,r,A4,F#3,D3
227.5,179.6053,57,4.5,A5,r,r,r,D5,G3,F#3
227.75,179.8026,57,4.75,C6,r,r,r,D5,A3,F#3
228.0,180.0,58,1.0,B5,r,r,r,D5,B3,G2
228.5,180.3947,58,1.5,r,r,r,r,C5,A3,B2
228.75,180.5921,58,1.75,r,r,r,r,B4,G3,B2
229.0,180.7895,58,2.0,r,r,r,r,C5,A3,D3
229.5,181.1842,58,2.5,r,r,r,r,A4,F#3,D2
230.0,181.5789,58,3.0,r,r,r,r,G4,G3,E2
230.25,181.7763,58,3.25,r,r,r,r,G4,G3,D2
230.5,181.9737,58,3.5,r,r,r,r,C5,G3,F#2
230.75,182.1711,58,3.75,r,r,r,r,C5,G3,E2
231.0,182.3684,58,4.0,r,r,r,r,B4,r,G2
231.25,182.5658,58,4.25,r,r,r,r,B4,r,F#2
231.5,182.7632,58,4.5,r,r,r,r,A4,C4,A2
231.75,182.9605,58,4.75,r,r,r,r,A4,C4,G2
232.0,183.1579,59,1.0,r,r,r,r,D5,B3,B2
232.5,183.5526,59,1.5,r,r,r,r,D4,A3,r
233.0,183.9474,59,2.0,r,r,r,r,E4,G3,C3
233.5,184.3421,59,2.5,r,r,r,r,A4,C4,r
233.75,184.5395,59,2.75,r,r,r,r,A4,A3,r
234.0,184.7368,59,3.0,r,r,r,r,F#4,B3,D3
235.0,185.5263,59,4.0,r,r,r,r,F#4,A3,D2
235.25,185.7237,59,4.25,r,r,r,r,F#4,G3,D2
235.5,185.9211,59,4.5,r,r,r,r,G4,A3,r
236.0,186.3158,60,1.0,G5,r,r,r,G4,G3,G2
236.5,186.7105,60,1.5,F#5,r,r,r,G4,G3,A2
236.75,186.9079,60,1.75,E5,r,r,r,G4,G3,A2
237.0,187.1053,60,2.0,D5,r,r,r,r,r,B2
237.5,187.5,60,2.5,D5,r,r,r,r,r,C3
238.0,187.8947,60,3.0,D5,r,r,r,r,r,B2
238.25,188.0921,60,3.25,C5,r,r,r,r,r,B2
238.5,188.2895,60,3.5,E5,r,r,r,r,r,G3
238.75,188.4868,60,3.75,D5,r,r,r,r,r,G3
239.0,188.6842,60,4.0,C5,r,r,r,r,r,A2
239.25,188.8816,60,4.25,B4,r,r,r,r,r,A2
239.5,189.0789,60,4.5,D5,r,r,r,r,r,F#3
239.75,189.2763,60,4.75,C5,r,r,r,r,r,F#3
240.0,189.4737,61,1.0,C5,G5,D5,D4,r,r,G2
240.5,189.8684,61,1.5,C5,F#5,D5,C4,r,r,A2
240.75,190.0658,61,1.75,C5,E5,D5,C4,r,r,A2
241.0,190.2632,61,2.0,B4,D5,D5,D4,r,r,B2
241.25,190.4605,61,2.25,B4,D5,C5,D4,r,r,B2
241.5,190.6579,61,2.5,B4,D5,B4,E4,r,r,C3
241.75,190.8553,61,2.75,B4,D5,A4,F#4,r,r,C3
242.0,191.0526,61,3.0,r,D5,G4,G4,r,r,B2
242.25,191.25,61,3.25,r,C5,G4,G4,r,r,B2
242.5,191.4474,61,3.5,r,E5,B4,E4,r,r,G3
242.75,191.6447,61,3.75,r,D5,B4,E4,r,r,G3
243.0,191.8421,61,4.0,r,C5,B4,E4,r,r,A2
243.25,192.0395,61,4.25,r,B4,B4,E4,r,r,A2
243.5,192.2368,61,4.5,r,D5,A4,A4,r,r,F#3
243.75,192.4342,61,4.75,r,C5,A4,A4,r,r,F#3
244.0,192.6316,62,1.0,G5,C5,G4,D4,r,r,G2
244.5,193.0263,62,1.5,F#5,C5,G4,D4,r,r,A2
244.75,193.2237,62,1.75,E5,C5,G4,D4,r,r,A2
245.0,193.4211,62,2.0,D5,B4,G4,D4,r,r,B2
245.25,193.6184,62,2.25,D5,A4,F#4,C4,r,r,B2
245.5,193.8158,62,2.5,D5,G4,E4,B3,r,r,C3
245.75,194.0132,62,2.75,D5,F#4,D4,A3,r,r,C3
246.0,194.2105,62,3.0,D5,G4,D5,G3,r,r,B2
246.25,194.4079,62,3.25,C5,G4,D5,G3,r,r,B2
246.5,194.6053,62,3.5,E5,r,r,r,r,r,G3
246.75,194.8026,62,3.75,D5,r,r,r,r,r,G3
247.0,195.0,62,4.0,C5,C4,F#5,A3,r,r,A2
247.25,195.1974,62,4.25,B4,C4,F#5,A3,r,r,A2
247.5,195.3947,62,4.5,D5,r,r,r,r,r,F#3
247.75,195.5921,62,4.75,C5,r,r,r,r,r,F#3
248.0,195.7895,63,1.0,C5,D4,G5,D3,r,r,G2
248.25,195.9868,63,1.25,C5,D4,G5,D3,r,r,D3
248.5,196.1842,63,1.5,B4,r,r,r,r,r,E3
248.75,196.3816,63,1.75,B4,r,r,r,r,r,F#3
249.0,196.5789,63,2.0,B5,r,r,r,r,r,G3
249.25,196.7763,63,2.25,A5,r,r,r,r,r,G3
249.5,196.9737,63,2.5,C6,r,r,r,r,r,E4
249.75,197.1711,63,2.75,B5,r,r,r,r,r,E4
250.0,197.3684,63,3.0,A5,r,r,r,r,r,F#3
250.25,197.5658,63,3.25,G5,r,r,r,r,r,F#3
250.5,197.7632,63,3.5,B5,r,r,r,r,r,D4
250.75,197.9605,63,3.75,A5,r,r,r,r,r,D4
251.0,198.1579,63,4.0,G5,r,r,r,r,r,E3
251.25,198.3553,63,4.25,F#5,r,r,r,r,r,E3
251.5,198.5526,63,4.5,A5,r,r,r,r,r,C#4
251.75,198.75,63,4.75,G5,r,r,r,r,r,C#4
252.0,198.9474,64,1.0,G5,r,r,r,r,r,D3
252.25,199.1447,64,1.25,G5,A4,A4,A4,r,r,D3
252.5,199.3421,64,1.5,G5,B4,B4,B4,r,r,D3
252.75,199.5395,64,1.75,G5,C5,C5,C5,r,r,D3
253.0,199.7368,64,2.0,F#5,D5,D5,D5,r,r,D3
253.25,199.9342,64,2.25,E5,D5,D5,D5,r,r,D3
253.5,200.1316,64,2.5,G5,B5,r,r,r,r,D3
253.75,200.3289,64,2.75,F#5,B5,r,r,r,r,D3
254.0,200.5263,64,3.0,E5,C5,C5,C5,r,r,D3
254.25,200.7237,64,3.25,D5,C5,C5,C5,r,r,D3
254.5,200.9211,64,3.5,F#5,A5,r,r,r,r,D3
254.75,201.1184,64,3.75,E5,A5,r,r,r,r,D3
255.0,201.3158,64,4.0,D5,B4,B4,B4,r,r,D3
255.25,201.5132,64,4.25,C5,B4,B4,B4,r,r,D3
255.5,201.7105,64,4.5,E5,G5,r,r,r,r,D3
255.75,201.9079,64,4.75,D5,G5,r,r,r,r,D3
256.0,202.1053,65,1.0,D5,F#5,A4,A4,r,r,D3
256.5,202.5,65,1.5,D5,D5,A4,F#4,r,r,D2
257.0,202.8947,65,2.0,C5,F#5,D5,A4,r,r,r
257.25,203.0921,65,2.25,A5,F#5,D5,A4,r,r,r
257.5,203.2895,65,2.5,F#5,A5,F#5,C5,r,r,r
257.75,203.4868,65,2.75,D5,A5,F#5,C5,r,r,r
258.0,203.6842,65,3.0,D5,A5,F#5,C5,r,r,r
258.5,204.0789,65,3.5,D5,D5,A4,F#4,r,r,r
259.0,204.4737,65,4.0,C5,F#5,D5,A4,r,r,r
259.25,204.6711,65,4.25,A5,F#5,D5,A4,r,r,r
259.5,204.8684,65,4.5,F#5,A5,F#5,C5,r,r,r
259.75,205.0658,65,4.75,D5,A5,F#5,C5,r,r,r
260.0,205.2632,66,1.0,C5,A5,F#5,C5,r,r,D3
260.25,205.4605,66,1.25,A5,A5,F#5,C5,r,r,D3
260.5,205.6579,66,1.5,F#5,D5,A4,F#4,r,r,D2
260.75,205.8553,66,1.75,D5,D5,A4,F#4,r,r,D2
261.0,206.0526,66,2.0,C5,F#5,D5,A4,r,r,r
261.25,206.25,66,2.25,A5,F#5,D5,A4,r,r,r
261.5,206.4474,66,2.5,F#5,A5,F#5,D5,r,r,r
261.75,206.6447,66,2.75,D5,A5,F#5,D5,r,r,r
262.0,206.8421,66,3.0,C5,A5,F#5,G4,r,r,r
262.5,207.2368,66,3.5,C5,G5,D5,B4,r,r,D2
263.0,207.6316,66,4.0,B4,r,r,r,r,r,G2
263.25,207.8289,66,4.25,D5,r,r,r,r,r,G2
263.5,208.0263,66,4.5,G5,r,r,r,r,r,B2
263.75,208.2237,66,4.75,E5,r,r,r,r,r,B2
264.0,208.4211,67,1.0,C#5,G5,B-4,E5,r,r,D3
264.5,208.8158,67,1.5,C#5,F#5,A4,D5,r,r,D2
265.0,209.2105,67,2.0,D5,r,r,r,r,r,r
265.25,209.4079,67,2.25,F#5,r,r,r,r,r,r
265.5,209.6053,67,2.5,B5,r,r,r,r,r,r
265.75,209.8026,67,2.75,G5,r,r,r,r,r,r
266.0,210.0,67,3.0,C#5,B-5,G5,C#5,r,r,r
266.5,210.3947,67,3.5,C#5,A5,F#5,D5,r,r,D2
267.0,210.7895,67,4.0,D5,r,r,r,r,r,F#2
267.25,210.9868,67,4.25,A5,r,r,r,r,r,F#2
267.5,211.1842,67,4.5,D6,r,r,r,r,r,A2
267.75,211.3816,67,4.75,B5,r,r,r,r,r,A2
268.0,211.5789,68,1.0,B5,D6,G5,B4,r,r,D3
268.5,211.9737,68,1.5,B5,C6,F#5,A4,r,r,D2
269.0,212.3684,68,2.0,C6,r,r,r,r,r,r
269.25,212.5658,68,2.25,D5,r,r,r,r,r,r
269.5,212.7632,68,2.5,F#5,A4,r,r,r,r,r
269.75,212.9605,68,2.75,E5,A4,r,r,r,r,r
270.0,213.1579,68,3.0,G5,B4,r,r,r,r,r
270.25,213.3553,68,3.25,F#5,B4,r,r,r,r,r
270.5,213.5526,68,3.5,A5,C5,r,r,r,r,r
270.75,213.75,68,3.75,G5,C5,r,r,r,r,r
271.0,213.9474,68,4.0,B5,D5,r,r,r,r,r
271.25,214.1447,68,4.25,A5,D5,r,r,r,r,r
271.5,214.3421,68,4.5,C6,E5,r,r,r,r,r
271.75,214.5395,68,4.75,A5,E5,r,r,r,r,r
272.0,214.7368,69,1.0,A5,F#5,r,r,r,r,D3
272.5,215.1316,69,1.5,A5,G5,r,r,r,r,D2
273.0,215.5263,69,2.0,B-5,G4,r,r,r,r,r
273.25,215.7237,69,2.25,C#5,G4,r,r,r,r,r
273.5,215.9211,69,2.5,E5,B-4,G4,r,r,r,r
273.75,216.1184,69,2.75,D5,B-4,G4,r,r,r,r
274.0,216.3158,69,3.0,F#5,C5,A4,r,r,r,r
274.25,216.5132,69,3.25,E5,C5,A4,r,r,r,r
274.5,216.7105,69,3.5,G5,D5,B-4,r,r,r,r
274.75,216.9079,69,3.75,F#5,D5,B-4,r,r,r,r
275.0,217.1053,69,4.0,A5,E5,C5,r,r,r,r
275.25,217.3026,69,4.25,G5,E5,C5,r,r,r,r
275.5,217.5,69,4.5,B-5,F#5,D5,r,r,r,r
275.75,217.6974,69,4.75,A5,F#5,D5,r,r,r,r
276.0,217.8947,70,1.0,C#6,G5,E5,r,r,r,r
276.5,218.2895,70,1.5,C#6,A5,F#5,r,r,r,D4
277.0,218.6842,70,2.0,D6,r,D4,F#3,r,r,A3
277.25,218.8816,70,2.25,D5,r,D4,F#3,r,r,A3
277.5,219.0789,70,2.5,F#5,r,r,r,r,r,D4
277.75,219.2763,70,2.75,A5,r,r,r,r,r,D4
278.0,219.4737,70,3.0,D6,r,F#4,A3,r,r,F#3
278.25,219.6711,70,3.25,A5,r,F#4,A3,r,r,F#3
278.5,219.8684,70,3.5,F#5,r,r,r,r,r,A3
278.75,220.0658,70,3.75,D5,r,r,r,r,r,A3
279.0,220.2632,70,4.0,F#5,r,A4,D4,r,r,D3
279.25,220.4605,70,4.25,A5,r,A4,D4,r,r,D3
279.5,220.6579,70,4.5,D6,r,r,r,r,r,F#3
279.75,220.8553,70,4.75,A5,r,r,r,r,r,F#3
280.0,221.0526,71,1.0,G6,D6,D5,A4,r,r,C3
280.5,221.4474,71,1.5,G6,D6,r,r,r,r,D4
281.0,221.8421,71,2.0,F#6,D6,F#5,D4,r,r,A3
281.25,222.0395,71,2.25,D5,D6,F#5,D4,r,r,A3
281.5,222.2368,71,2.5,F#5,D6,r,r,r,r,C4
281.75,222.4342,71,2.75,A5,D6,r,r,r,r,C4
282.0,222.6316,71,3.0,D6,D6,A5,F#4,r,r,F#3
282.25,222.8289,71,3.25,A5,D6,A5,F#4,r,r,F#3
282.5,223.0263,71,3.5,F#5,D6,r,r,r,r,A3
282.75,223.2237,71,3.75,D5,D6,r,r,r,r,A3
283.0,223.4211,71,4.0,F#5,D6,F#5,A4,r,r,D3
283.25,223.6184,71,4.25,A5,D6,F#5,A4,r,r,D3
283.5,223.8158,71,4.5,D6,D6,r,r,r,r,F#3
283.75,224.0132,71,4.75,A5,D6,r,r,r,r,F#3
284.0,224.2105,72,1.0,F#6,D6,D5,A4,r,r,B2
284.5,224.6053,72,1.5,F#6,D6,r,r,r,r,D4
285.0,225.0,72,2.0,G6,D6,G5,D4,r,r,B3
285.25,225.1974,72,2.25,G5,D6,G5,D4,r,r,B3
285.5,225.3947,72,2.5,B5,D6,r,r,r,r,D4
285.75,225.5921,72,2.75,D6,D6,r,r,r,r,D4
286.0,225.7895,72,3.0,F5,D6,B4,G4,r,r,G3
286.5,226.1842,72,3.5,F5,D6,r,r,r,r,B3
287.0,226.5789,72,4.0,E5,D6,E5,B4,r,r,E3
287.25,226.7763,72,4.25,G5,D6,E5,B4,r,r,E3
287.5,226.9737,72,4.5,B5,D6,r,r,r,r,G3
287.75,227.1711,72,4.75,D6,D6,r,r,r,r,G3
288.0,227.3684,73,1.0,D6,D6,E5,B4,r,r,A2
288.5,227.7632,73,1.5,D6,C6,r,r,r,r,C4
288.75,227.9605,73,1.75,D6,B5,r,r,r,r,C4
289.0,228.1579,73,2.0,C6,C6,E4,A4,r,r,A3
289.25,228.3553,73,2.25,E5,C6,E4,A4,r,r,A3
289.5,228.5526,73,2.5,A5,C6,r,r,r,r,C4
289.75,228.75,73,2.75,C6,C6,r,r,r,r,C4
290.0,228.9474,73,3.0,E5,C6,F#4,A4,r,r,F#3
290.5,229.3421,73,3.5,E5,C6,r,r,r,r,A3
291.0,229.7368,73,4.0,D5,C6,A4,F#4,r,r,D3
291.25,229.9342,73,4.25,F#5,C6,A4,F#4,r,r,D3
291.5,230.1316,73,4.5,A5,D6,r,r,r,r,F#3
291.75,230.3289,73,4.75,C6,C6,r,r,r,r,F#3
292.0,230.5263,74,1.0,B5,B5,G4,D4,r,r,G2
292.25,230.7237,74,1.25,D6,B5,G4,D4,r,r,G2
292.5,230.9211,74,1.5,B5,G5,D5,G3,r,r,B2
292.75,231.1184,74,1.75,G5,G5,D5,G3,r,r,B2
293.0,231.3158,74,2.0,D5,D5,B4,B3,r,r,D3
293.25,231.5132,74,2.25,G5,D5,B4,B3,r,r,D3
293.5,231.7105,74,2.5,A5,F#5,A4,D4,r,r,D2
293.75,231.9079,74,2.75,F#5,F#5,A4,D4,r,r,D2
294.0,232.1053,74,3.0,F#5,G4,B4,B3,r,r,G2
294.5,232.5,74,3.5,F#5,G4,B4,B3,r,r,G3
295.0,232.8947,74,4.0,G5,G4,B4,B3,r,r,A3
295.25,233.0921,74,4.25,F#5,G4,B4,B3,r,r,A3
295.5,233.2895,74,4.5,E5,G4,B4,B3,r,r,B3
295.75,233.4868,74,4.75,E-5,G4,B4,B3,r,r,B3
296.0,233.6842,75,1.0,E5,r,r,r,B4,G4,E3
296.25,233.8816,75,1.25,E-5,r,r,r,B4,G4,E3
296.5,234.0789,75,1.5,F#5,r,r,r,A4,F#4,r
296.75,234.2763,75,1.75,E5,r,r,r,A4,F#4,r
297.0,234.4737,75,2.0,E-5,r,r,r,A4,F#4,E2
297.25,234.6711,75,2.25,C#5,r,r,r,A4,F#4,E2
297.5,234.8684,75,2.5,E5,r,r,r,B4,G4,r
297.75,235.0658,75,2.75,D5,r,r,r,G4,E4,r
298.0,235.2632,75,3.0,C5,r,r,r,C5,A4,E3
298.25,235.4605,75,3.25,B4,r,r,r,C5,A4,E3
298.5,235.6579,75,3.5,D5,r,r,r,B4,G4,r
298.75,235.8553,75,3.75,C5,r,r,r,B4,G4,r
299.0,236.0526,75,4.0,B4,r,r,r,B4,G4,E2
299.25,236.25,75,4.25,A4,r,r,r,B4,G4,E2
299.5,236.4474,75,4.5,C5,r,r,r,A4,F#4,r
299.75,236.6447,75,4.75,B4,r,r,r,A4,F#4,r
300.0,236.8421,76,1.0,A4,r,r,r,E-5,F#4,C3
300.25,237.0395,76,1.25,G4,r,r,r,E-5,F#4,C3
300.5,237.2368,76,1.5,B4,r,r,r,E5,G4,r
300.75,237.4342,76,1.75,A4,r,r,r,E5,G4,r
301.0,237.6316,76,2.0,G4,r,r,r,E5,G4,A2
301.25,237.8289,76,2.25,F#4,r,r,r,E5,G4,A2
301.5,238.0263,76,2.5,A4,r,r,r,G4,E4,r
301.75,238.2237,76,2.75,G4,r,r,r,G4,E4,r
302.0,238.4211,76,3.0,G4,r,r,r,G4,E4,B2
302.25,238.6184,76,3.25,G4,r,r,r,F#4,E-4,B2
302.5,238.8158,76,3.5,G4,r,r,r,G4,E4,B3
303.0,239.2105,76,4.0,F#4,r,r,r,F#4,E-4,B3
303.25,239.4079,76,4.25,B4,r,r,r,F#4,E-4,B3
303.5,239.6053,76,4.5,E-5,r,r,r,F#4,E-4,A3
303.75,239.8026,76,4.75,F#5,r,r,r,F#4,E-4,A3
304.0,240.0,77,1.0,E5,r,r,r,B4,E4,G3
304.25,240.1974,77,1.25,E-5,r,r,r,B4,E4,G3
304.5,240.3947,77,1.5,F#5,r,r,r,B4,E-4,G2
304.75,240.5921,77,1.75,E5,r,r,r,B4,E-4,G2
305.0,240.7895,77,2.0,G5,r,r,r,B4,E-4,F#2
305.25,240.9868,77,2.25,F#5,r,r,r,B4,E-4,F#2
305.5,241.1842,77,2.5,A5,r,r,r,B4,F#4,E2
305.75,241.3816,77,2.75,G5,r,r,r,B4,E4,E2
306.0,241.5789,77,3.0,B5,r,r,r,B4,F#4,E-2
306.25,241.7763,77,3.25,A5,r,r,r,B4,F#4,E-2
306.5,241.9737,77,3.5,C6,r,r,r,B4,A3,E-3
306.75,242.1711,77,3.75,B5,r,r,r,B4,A3,E-3
307.0,242.3684,77,4.0,A5,r,r,r,B4,A3,C#3
307.25,242.5658,77,4.25,G5,r,r,r,B4,A3,C#3
307.5,242.7632,77,4.5,B5,r,r,r,B4,G3,B2
307.75,242.9605,77,4.75,A5,r,r,r,B4,F#3,B2
308.0,243.1579,78,1.0,G5,r,r,r,B4,G3,E3
308.5,243.5526,78,1.5,F#5,r,r,r,A4,E4,C3
308.75,243.75,78,1.75,E5,r,r,r,A4,E4,C3
309.0,243.9474,78,2.0,D5,r,r,r,G#4,E4,B2
309.5,244.3421,78,2.5,D5,r,r,r,A4,F4,A2
310.0,244.7368,78,3.0,D5,r,r,r,B4,D4,G#2
310.25,244.9342,78,3.25,C5,r,r,r,C5,D4,G#2
310.5,245.1316,78,3.5,F5,r,r,r,D5,B3,G#3
310.75,245.3289,78,3.75,E5,r,r,r,D5,B3,G#3
311.0,245.5263,78,4.0,D5,r,r,r,D5,A3,F#3
311.25,245.7237,78,4.25,C5,r,r,r,D5,A3,F#3
311.5,245.9211,78,4.5,E5,r,r,r,D5,G#3,E3
311.75,246.1184,78,4.75,D5,r,r,r,D5,G#3,E3
312.0,246.3158,79,1.0,C5,r,r,r,C5,A3,A3
312.25,246.5132,79,1.25,B4,r,r,r,C5,A3,A3
312.5,246.7105,79,1.5,D5,r,r,r,B4,G3,r
312.75,246.9079,79,1.75,C5,r,r,r,B4,G3,r
313.0,247.1053,79,2.0,B4,r,r,r,B4,G3,C4
313.25,247.3026,79,2.25,A4,r,r,r,B4,G3,C4
313.5,247.5,79,2.5,C5,r,r,r,A4,F#3,r
313.75,247.6974,79,2.75,B4,r,r,r,A4,F#3,r
314.0,247.8947,79,3.0,A4,r,r,r,A4,E-4,F#3
314.25,248.0921,79,3.25,G4,r,r,r,G4,E4,F#3
314.5,248.2895,79,3.5,C5,r,r,r,A4,F#4,r
314.75,248.4868,79,3.75,B4,r,r,r,A4,F#4,r
315.0,248.6842,79,4.0,A4,r,r,r,A4,F#4,E-3
315.25,248.8816,79,4.25,G4,r,r,r,A4,F#4,E-3
315.5,249.0789,79,4.5,B4,r,r,r,B4,E-4,r
315.75,249.2763,79,4.75,A4,r,r,r,B4,E-4,r
316.0,249.4737,80,1.0,G4,r,r,r,G4,B3,E3
316.25,249.6711,80,1.25,F#4,r,r,r,G4,B3,E3
316.5,249.8684,80,1.5,B4,r,r,r,B4,E4,G2
316.75,250.0658,80,1.75,A4,r,r,r,A4,F#4,G2
317.0,250.2632,80,2.0,G4,r,r,r,G4,E4,A2
317.25,250.4605,80,2.25,F#4,r,r,r,G4,E4,A2
317.5,250.6579,80,2.5,A4,r,r,r,F#4,E-4,B2
317.75,250.8553,80,2.75,G4,r,r,r,F#4,E-4,B2
318.0,251.0526,80,3.0,F#4,r,r,r,E4,E4,E3
318.5,251.4474,80,3.5,F#4,r,r,r,E4,E4,E2
319.0,251.8421,80,4.0,E4,r,r,r,r,r,G2
319.25,252.0395,80,4.25,B5,r,r,r,r,r,G2
319.5,252.2368,80,4.5,G5,r,r,r,r,r,B2
319.75,252.4342,80,4.75,E5,r,r,r,r,r,B2
320.0,252.6316,81,1.0,E5,r,r,r,r,r,E3
320.5,253.0263,81,1.5,E5,E4,B3,G#3,r,r,E2
321.0,253.4211,81,2.0,D5,G#4,E4,B3,r,r,r
321.25,253.6184,81,2.25,B5,G#4,E4,B3,r,r,r
321.5,253.8158,81,2.5,G#5,B4,G#4,D4,r,r,r
321.75,254.0132,81,2.75,E5,B4,G#4,D4,r,r,r
322.0,254.2105,81,3.0,E5,B4,G#4,D4,r,r,r
322.5,254.6053,81,3.5,E5,E4,B3,G#3,r,r,r
323.0,255.0,81,4.0,D5,G#4,E4,B3,r,r,r
323.25,255.1974,81,4.25,B5,G#4,E4,B3,r,r,r
323.5,255.3947,81,4.5,G#5,B4,G#4,D4,r,r,r
323.75,255.5921,81,4.75,E5,B4,G#4,D4,r,r,r
324.0,255.7895,82,1.0,D5,B4,G#4,D4,r,r,E3
324.25,255.9868,82,1.25,B5,B4,G#4,D4,r,r,E3
324.5,256.1842,82,1.5,G#5,E4,B3,G#3,r,r,E2
324.75,256.3816,82,1.75,E5,E4,B3,G#3,r,r,E2
325.0,256.5789,82,2.0,D5,G#4,E4,B3,r,r,r
325.25,256.7763,82,2.25,B5,G#4,E4,B3,r,r,r
325.5,256.9737,82,2.5,G#5,B4,G#4,D4,r,r,r
325.75,257.1711,82,2.75,E5,B4,G#4,D4,r,r,r
326.0,257.3684,82,3.0,D5,B4,G#4,A3,r,r,r
326.5,257.7632,82,3.5,D5,A4,E4,C4,r,r,E2
327.0,258.1579,82,4.0,C5,r,r,r,r,r,A2
327.25,258.3553,82,4.25,E5,r,r,r,r,r,A2
327.5,258.5526,82,4.5,A5,r,r,r,r,r,C3
327.75,258.75,82,4.75,F#5,r,r,r,r,r,C3
328.0,258.9474,83,1.0,E-5,F#5,C5,A4,r,r,E3
328.5,259.3421,83,1.5,E-5,E5,B4,G4,r,r,E2
329.0,259.7368,83,2.0,E5,r,r,r,r,r,G2
329.25,259.9342,83,2.25,B4,r,r,r,r,r,G2
329.5,260.1316,83,2.5,G5,r,r,r,r,r,B2
329.75,260.3289,83,2.75,E5,r,r,r,r,r,B2
330.0,260.5263,83,3.0,B-4,G5,C#5,B-4,r,r,E3
330.5,260.9211,83,3.5,B-4,F#5,B-4,E5,r,r,C#3
331.0,261.3158,83,4.0,B4,r,r,r,r,r,E-3
331.25,261.5132,83,4.25,E-5,r,r,r,r,r,E-3
331.5,261.7105,83,4.5,F#5,A5,E-5,B4,r,r,B2
331.75,261.9079,83,4.75,A5,A5,E-5,B4,r,r,B2
332.0,262.1053,84,1.0,G5,G5,E5,B4,r,r,E3
332.25,262.3026,84,1.25,B5,G5,E5,B4,r,r,E3
332.5,262.5,84,1.5,G5,E5,B4,E4,r,r,G3
332.75,262.6974,84,1.75,E5,E5,B4,E4,r,r,G3
333.0,262.8947,84,2.0,B4,B4,G4,G4,r,r,B3
333.25,263.0921,84,2.25,E5,B4,G4,G4,r,r,B3
333.5,263.2895,84,2.5,F#5,E-5,F#4,B4,r,r,B2
333.75,263.4868,84,2.75,E-5,E-5,F#4,B4,r,r,B2
334.0,263.6842,84,3.0,E-5,E4,G4,B4,r,r,E3
334.5,264.0789,84,3.5,E-5,E4,G4,B4,r,r,B2
335.0,264.4737,84,4.0,E5,r,r,r,r,r,G2
335.5,264.8684,84,4.5,E5,r,r,r,r,r,B2
336.0,265.2632,85,1.0,r,E4,E4,E4,B4,G4,E2
336.5,265.6579,85,1.5,r,E-4,E-4,E-4,A4,F#4,r
336.75,265.8553,85,1.75,r,C#4,C#4,C#4,A4,F#4,r
337.0,266.0526,85,2.0,r,B3,B3,B3,A4,F#4,E3
337.25,266.25,85,2.25,r,B3,B3,B3,F#4,E-4,E3
337.5,266.4474,85,2.5,r,B3,B3,B3,G4,E4,r
338.0,266.8421,85,3.0,r,B3,B3,B3,C#5,E4,B2
338.5,267.2368,85,3.5,r,B3,B3,B3,D5,F#4,r
339.0,267.6316,85,4.0,B4,B3,B3,B3,D5,F#4,B3
339.25,267.8289,85,4.25,A4,B3,B3,B3,D5,F#4,B3
339.5,268.0263,85,4.5,C#5,B3,B3,B3,B4,D4,r
339.75,268.2237,85,4.75,B4,B3,B3,B3,B4,D4,r
340.0,268.4211,86,1.0,A4,B3,B3,B3,G4,B3,E3
340.25,268.6184,86,1.25,G4,B3,B3,B3,G4,B3,E3
340.5,268.8158,86,1.5,B4,B3,B3,B3,E5,C#4,r
340.75,269.0132,86,1.75,A4,B3,B3,B3,E5,C#4,r
341.0,269.2105,86,2.0,G4,r,r,r,E5,C#4,A3
341.25,269.4079,86,2.25,F#4,r,r,r,E5,C#4,A3
341.5,269.6053,86,2.5,A4,r,r,r,G4,E4,r
341.75,269.8026,86,2.75,G4,r,r,r,G4,E4,r
342.0,270.0,86,3.0,G4,r,r,r,G4,E4,D3
342.25,270.1974,86,3.25,G4,r,r,r,F#4,D4,D3
342.5,270.3947,86,3.5,G4,r,r,r,G4,E4,D2
343.0,270.7895,86,4.0,F#4,r,r,r,F#4,D4,F#2
343.25,270.9868,86,4.25,E4,r,r,r,F#4,D4,F#2
343.5,271.1842,86,4.5,G4,r,r,r,F#4,D4,A2
343.75,271.3816,86,4.75,F#4,r,r,r,F#4,D4,A2
344.0,271.5789,87,1.0,B4,r,r,r,B4,F#4,B2
344.25,271.7763,87,1.25,B-4,r,r,r,B4,F#4,B2
344.5,271.9737,87,1.5,C#5,r,r,r,B-4,F#4,D4
344.75,272.1711,87,1.75,B4,r,r,r,B-4,F#4,D4
345.0,272.3684,87,2.0,D5,r,r,r,B-4,F#4,C#4
345.25,272.5658,87,2.25,C#5,r,r,r,B-4,F#4,C#4
345.5,272.7632,87,2.5,E5,r,r,r,C#5,F#4,B3
345.75,272.9605,87,2.75,D5,r,r,r,B4,F#4,B3
346.0,273.1579,87,3.0,F#5,r,r,r,C#5,F#4,B-3
346.25,273.3553,87,3.25,E5,r,r,r,D5,F#4,B-3
346.5,273.5526,87,3.5,G5,r,r,r,E5,F#4,B-2
346.75,273.75,87,3.75,F#5,r,r,r,E5,F#4,B-2
347.0,273.9474,87,4.0,E5,r,r,r,E5,F#4,G#2
347.25,274.1447,87,4.25,D5,r,r,r,E5,F#4,G#2
347.5,274.3421,87,4.5,F#5,r,r,r,D5,F#4,F#2
347.75,274.5395,87,4.75,E5,r,r,r,C#5,F#4,F#2
348.0,274.7368,88,1.0,E-5,r,r,r,E-5,F#4,B2
348.25,274.9342,88,1.25,C#5,r,r,r,E-5,F#4,B2
348.5,275.1316,88,1.5,E5,r,r,r,E5,E4,G2
348.75,275.3289,88,1.75,E-5,r,r,r,E5,E4,G2
349.0,275.5263,88,2.0,F#5,r,r,r,A4,E-4,F#2
349.25,275.7237,88,2.25,E5,r,r,r,A4,E-4,F#2
349.5,275.9211,88,2.5,G5,r,r,r,A4,E4,E2
349.75,276.1184,88,2.75,F#5,r,r,r,A4,E4,E2
350.0,276.3158,88,3.0,C5,r,r,r,A4,F#4,E-2
350.25,276.5132,88,3.25,C5,r,r,r,A4,G4,E-2
350.5,276.7105,88,3.5,C5,r,r,r,F#5,A4,E-3
351.0,277.1053,88,4.0,B4,r,r,r,E5,A4,C#3
351.25,277.3026,88,4.25,E5,r,r,r,E5,A4,C#3
351.5,277.5,88,4.5,A5,r,r,r,E-5,A4,B2
351.75,277.6974,88,4.75,F#5,r,r,r,E-5,A4,B2
352.0,277.8947,89,1.0,C5,r,r,r,E5,G4,E3
352.5,278.2895,89,1.5,C5,r,r,r,D5,F#4,r
353.0,278.6842,89,2.0,B4,r,r,r,D5,F#4,G3
353.25,278.8816,89,2.25,D5,r,r,r,D5,F#4,G3
353.5,279.0789,89,2.5,A5,r,r,r,C#5,E4,r
353.75,279.2763,89,2.75,F#5,r,r,r,B4,E4,r
354.0,279.4737,89,3.0,F#5,r,r,r,B-4,E4,C#3
354.25,279.6711,89,3.25,F#5,r,r,r,B4,D4,C#3
354.5,279.8684,89,3.5,F#5,r,r,r,C#5,E4,r
355.0,280.2632,89,4.0,G5,r,r,r,C#5,E4,B-2
355.25,280.4605,89,4.25,E5,r,r,r,C#5,E4,B-2
355.5,280.6579,89,4.5,D5,r,r,r,B-4,F#4,r
355.75,280.8553,89,4.75,C#5,r,r,r,B-4,F#4,r
356.0,281.0526,90,1.0,F#5,r,r,r,F#4,D4,D3
356.5,281.4474,90,1.5,F#5,r,r,r,B4,F#4,D2
356.75,281.6447,90,1.75,F#5,r,r,r,B4,E4,D2
357.0,281.8421,90,2.0,G5,r,r,r,B4,D4,E2
357.25,282.0395,90,2.25,B4,r,r,r,B4,D4,E2
357.5,282.2368,90,2.5,E5,r,r,r,B-4,C#4,F#2
357.75,282.4342,90,2.75,C#5,r,r,r,B-4,C#4,F#2
358.0,282.6316,90,3.0,C#5,r,r,r,B4,B3,B2
358.5,283.0263,90,3.5,C#5,r,r,r,B4,B3,B3
359.0,283.4211,90,4.0,D5,r,r,r,r,r,A3
359.25,283.6184,90,4.25,B4,r,r,r,r,r,A3
359.5,283.8158,90,4.5,F#5,r,r,r,r,r,G3
359.75,284.0132,90,4.75,E5,r,r,r,r,r,G3
360.0,284.2105,91,1.0,F#5,r,r,r,r,r,F#3
360.5,284.6053,91,1.5,F#5,r,r,r,r,r,F#2
361.0,285.0,91,2.0,F#5,F#5,C#5,F#4,C#5,B-3,r
361.5,285.3947,91,2.5,F#5,r,r,r,E5,C#4,r
361.75,285.5921,91,2.75,F#5,r,r,r,D5,B3,r
362.0,285.7895,91,3.0,F#5,E5,B-4,F#4,E5,C#4,r
362.5,286.1842,91,3.5,F#5,r,r,r,D5,B3,r
362.75,286.3816,91,3.75,F#5,r,r,r,C#5,B-3,r
363.0,286.5789,91,4.0,F#5,D5,F#4,B3,D5,B3,r
363.5,286.9737,91,4.5,F#5,r,r,r,B4,G#3,r
364.0,287.3684,92,1.0,F#5,C#5,F#4,B-3,C#5,B-3,F#3
364.5,287.7632,92,1.5,F#5,r,r,r,F#5,F#3,F#2
365.0,288.1579,92,2.0,F#5,E5,B-4,C#4,B-4,C#4,r
365.5,288.5526,92,2.5,F#5,r,r,r,B4,D4,r
366.0,288.9474,92,3.0,F#5,B-4,F#4,C#4,C#5,E4,r
366.5,289.3421,92,3.5,F#5,r,r,r,B4,D4,r
366.75,289.5395,92,3.75,F#5,r,r,r,B-4,C#4,r
367.0,289.7368,92,4.0,F#5,B4,F#4,D4,B4,D4,r
367.5,290.1316,92,4.5,F#5,r,r,r,B-4,C#4,r
367.75,290.3289,92,4.75,F#5,r,r,r,G#4,B3,r
368.0,290.5263,93,1.0,F#5,B-4,F#4,C#4,B-4,C#4,r
368.5,290.9211,93,1.5,F#5,r,r,r,F#4,B-3,F#3
369.0,291.3158,93,2.0,r,r,r,r,F#5,r,D3
369.5,291.7105,93,2.5,r,r,r,r,F#5,r,F#3
370.0,292.1053,93,3.0,r,r,r,r,F#5,F#4,B2
370.5,292.5,93,3.5,r,r,r,r,D5,F#4,D3
371.0,292.8947,93,4.0,r,r,r,r,B4,F#4,G2
371.5,293.2895,93,4.5,r,r,r,r,B4,D4,B3
372.0,293.6842,94,1.0,r,r,r,r,B4,B3,G3
372.5,294.0789,94,1.5,r,r,r,r,G5,C#4,B3
372.75,294.2763,94,1.75,r,r,r,r,G5,D4,B3
373.0,294.4737,94,2.0,r,r,r,r,C#5,E4,E3
373.5,294.8684,94,2.5,r,r,r,r,B4,E4,G3
374.0,295.2632,94,3.0,r,r,r,r,B-4,E4,F#3
374.5,295.6579,94,3.5,r,r,r,r,F#4,B-3,r
374.75,295.8553,94,3.75,r,r,r,r,F#4,B-3,r
375.0,296.0526,94,4.0,r,r,r,r,D5,B3,F3
375.25,296.25,94,4.25,r,r,r,r,D5,C#4,F3
375.5,296.4474,94,4.5,r,r,r,r,G#4,D4,r
376.0,296.8421,95,1.0,r,r,r,r,B4,D4,F#3
376.5,297.2646,95,1.5,r,r,r,r,B4,C#4,r
377.0,297.6872,95,2.0,r,r,r,r,B-4,C#4,F#2
377.75,298.321,95,2.75,r,r,r,r,B4,C#4,r
378.0,298.5322,95,3.0,r,r,r,r,B4,B3,B2
